state,action
"[np.int32(3), np.int32(2)]","4"
"[np.int32(3), np.int32(2)]","4"
"[np.int32(3), np.int32(2)]","1"
"[np.int32(4), np.int32(2)]","1"
"[np.int32(5), np.int32(2)]","2"
"[np.int32(5), np.int32(1)]","4"
"[np.int32(5), np.int32(1)]","4"
"[np.int32(5), np.int32(1)]","4"
"[np.int32(5), np.int32(1)]","0"
"[np.int32(4), np.int32(1)]","3"
"[np.int32(4), np.int32(2)]","4"
"[np.int32(4), np.int32(2)]","1"
"[np.int32(5), np.int32(2)]","4"
"[np.int32(5), np.int32(2)]","0"
"[np.int32(4), np.int32(2)]","1"
"[np.int32(5), np.int32(2)]","3"
"[np.int32(5), np.int32(3)]","1"
"[np.int32(6), np.int32(3)]","0"
"[np.int32(5), np.int32(3)]","1"
"[np.int32(6), np.int32(3)]","4"
"[np.int32(6), np.int32(3)]","3"
"[np.int32(6), np.int32(4)]","0"
"[np.int32(5), np.int32(4)]","3"
"[np.int32(5), np.int32(4)]","1"
"[np.int32(6), np.int32(4)]","0"
"[np.int32(5), np.int32(4)]","3"
"[np.int32(2), np.int32(2)]","0"
"[np.int32(1), np.int32(2)]","4"
"[np.int32(1), np.int32(2)]","4"
"[np.int32(1), np.int32(2)]","4"
"[np.int32(1), np.int32(2)]","4"
"[np.int32(1), np.int32(2)]","4"
"[np.int32(1), np.int32(2)]","4"
"[np.int32(1), np.int32(2)]","4"
"[np.int32(1), np.int32(2)]","4"
"[np.int32(1), np.int32(2)]","4"
"[np.int32(1), np.int32(2)]","4"
"[np.int32(1), np.int32(2)]","4"
"[np.int32(1), np.int32(2)]","4"
"[np.int32(1), np.int32(2)]","4"
"[np.int32(1), np.int32(2)]","4"
"[np.int32(1), np.int32(2)]","4"
"[np.int32(1), np.int32(2)]","4"
"[np.int32(1), np.int32(2)]","0"
"[0, np.int32(2)]","4"
"[0, np.int32(2)]","2"
"[0, np.int32(1)]","3"
"[0, np.int32(2)]","4"
"[0, np.int32(2)]","4"
"[0, np.int32(2)]","4"
"[0, np.int32(2)]","3"
"[0, np.int32(3)]","0"
"[0, np.int32(3)]","0"
"[0, np.int32(3)]","0"
"[0, np.int32(3)]","0"
"[0, np.int32(3)]","0"
"[0, np.int32(3)]","0"
"[0, np.int32(3)]","0"
"[0, np.int32(3)]","0"
"[0, np.int32(3)]","0"
"[0, np.int32(3)]","0"
"[0, np.int32(3)]","0"
"[0, np.int32(3)]","3"
"[0, np.int32(4)]","4"
"[0, np.int32(4)]","4"
"[0, np.int32(4)]","4"
"[0, np.int32(4)]","4"
"[0, np.int32(4)]","0"
"[0, np.int32(4)]","2"
"[0, np.int32(3)]","1"
"[1, np.int32(3)]","4"
"[1, np.int32(3)]","4"
"[1, np.int32(3)]","4"
"[1, np.int32(3)]","4"
"[1, np.int32(3)]","3"
"[1, np.int32(4)]","4"
"[1, np.int32(4)]","4"
"[1, np.int32(4)]","4"
"[1, np.int32(4)]","1"
"[2, np.int32(4)]","4"
"[2, np.int32(4)]","4"
"[2, np.int32(4)]","4"
"[2, np.int32(4)]","4"
"[2, np.int32(4)]","0"
"[1, np.int32(4)]","4"
"[1, np.int32(4)]","4"
"[1, np.int32(4)]","4"
"[1, np.int32(4)]","4"
"[1, np.int32(4)]","4"
"[1, np.int32(4)]","4"
"[1, np.int32(4)]","4"
"[1, np.int32(4)]","4"
"[1, np.int32(4)]","4"
"[1, np.int32(4)]","4"
"[1, np.int32(4)]","4"
"[1, np.int32(4)]","4"
"[1, np.int32(4)]","0"
"[0, np.int32(4)]","4"
"[0, np.int32(4)]","4"
"[0, np.int32(4)]","4"
"[0, np.int32(4)]","4"
"[0, np.int32(4)]","2"
"[0, np.int32(3)]","0"
"[0, np.int32(3)]","0"
"[0, np.int32(3)]","1"
"[1, np.int32(3)]","4"
"[1, np.int32(3)]","4"
"[1, np.int32(3)]","4"
"[1, np.int32(3)]","4"
"[1, np.int32(3)]","2"
"[1, np.int32(2)]","4"
"[1, np.int32(2)]","3"
"[1, np.int32(3)]","4"
"[1, np.int32(3)]","4"
"[1, np.int32(3)]","4"
"[1, np.int32(3)]","4"
"[1, np.int32(3)]","3"
"[1, np.int32(4)]","4"
"[1, np.int32(4)]","4"
"[1, np.int32(4)]","3"
"[1, np.int32(5)]","1"
"[2, np.int32(5)]","4"
"[2, np.int32(5)]","4"
"[2, np.int32(5)]","4"
"[2, np.int32(5)]","1"
"[3, np.int32(5)]","1"
"[4, np.int32(5)]","1"
"[np.int32(6), np.int32(9)]","3"
"[np.int32(6), 9]","0"
"[np.int32(5), 9]","0"
"[np.int32(4), 9]","2"
"[np.int32(4), 8]","2"
"[np.int32(4), 7]","2"
"[np.int32(4), 6]","1"
"[np.int32(2), np.int32(7)]","4"
"[np.int32(2), np.int32(7)]","4"
"[np.int32(2), np.int32(7)]","4"
"[np.int32(2), np.int32(7)]","4"
"[np.int32(2), np.int32(7)]","4"
"[np.int32(2), np.int32(7)]","4"
"[np.int32(2), np.int32(7)]","4"
"[np.int32(2), np.int32(7)]","4"
"[np.int32(2), np.int32(7)]","4"
"[np.int32(2), np.int32(7)]","4"
"[np.int32(2), np.int32(7)]","4"
"[np.int32(2), np.int32(7)]","3"
"[np.int32(7), np.int32(4)]","0"
"[np.int32(6), np.int32(4)]","0"
"[np.int32(5), np.int32(4)]","3"
"[np.int32(7), np.int32(6)]","0"
"[np.int32(6), np.int32(6)]","0"
"[np.int32(5), np.int32(6)]","2"
"[np.int32(0), np.int32(5)]","3"
"[np.int32(0), np.int32(6)]","0"
"[0, np.int32(6)]","2"
"[0, np.int32(5)]","3"
"[0, np.int32(6)]","2"
"[0, np.int32(5)]","3"
"[0, np.int32(6)]","2"
"[0, np.int32(5)]","3"
"[0, np.int32(6)]","0"
"[0, np.int32(6)]","2"
"[0, np.int32(5)]","3"
"[0, np.int32(6)]","1"
"[1, np.int32(6)]","4"
"[1, np.int32(6)]","4"
"[1, np.int32(6)]","4"
"[1, np.int32(6)]","4"
"[1, np.int32(6)]","4"
"[1, np.int32(6)]","1"
"[2, np.int32(6)]","4"
"[2, np.int32(6)]","4"
"[2, np.int32(6)]","4"
"[2, np.int32(6)]","4"
"[2, np.int32(6)]","4"
"[2, np.int32(6)]","4"
"[2, np.int32(6)]","4"
"[2, np.int32(6)]","4"
"[2, np.int32(6)]","4"
"[2, np.int32(6)]","4"
"[2, np.int32(6)]","4"
"[2, np.int32(6)]","4"
"[2, np.int32(6)]","4"
"[2, np.int32(6)]","4"
"[2, np.int32(6)]","4"
"[2, np.int32(6)]","4"
"[2, np.int32(6)]","3"
"[2, np.int32(7)]","2"
"[2, np.int32(6)]","1"
"[3, np.int32(6)]","1"
"[4, np.int32(6)]","1"
"[np.int32(6), np.int32(0)]","4"
"[np.int32(6), np.int32(0)]","4"
"[np.int32(6), np.int32(0)]","4"
"[np.int32(6), np.int32(0)]","2"
"[np.int32(6), 0]","4"
"[np.int32(6), 0]","4"
"[np.int32(6), 0]","4"
"[np.int32(6), 0]","4"
"[np.int32(6), 0]","4"
"[np.int32(6), 0]","4"
"[np.int32(6), 0]","3"
"[np.int32(6), 1]","4"
"[np.int32(6), 1]","4"
"[np.int32(6), 1]","0"
"[np.int32(5), 1]","4"
"[np.int32(5), 1]","4"
"[np.int32(5), 1]","4"
"[np.int32(5), 1]","4"
"[np.int32(5), 1]","4"
"[np.int32(5), 1]","4"
"[np.int32(5), 1]","2"
"[np.int32(5), 0]","1"
"[np.int32(6), 0]","4"
"[np.int32(6), 0]","4"
"[np.int32(6), 0]","4"
"[np.int32(6), 0]","2"
"[np.int32(6), 0]","4"
"[np.int32(6), 0]","4"
"[np.int32(6), 0]","4"
"[np.int32(6), 0]","4"
"[np.int32(6), 0]","4"
"[np.int32(6), 0]","4"
"[np.int32(6), 0]","4"
"[np.int32(6), 0]","4"
"[np.int32(6), 0]","4"
"[np.int32(6), 0]","4"
"[np.int32(6), 0]","2"
"[np.int32(6), 0]","4"
"[np.int32(6), 0]","4"
"[np.int32(6), 0]","3"
"[np.int32(6), 1]","4"
"[np.int32(6), 1]","2"
"[np.int32(6), 0]","4"
"[np.int32(6), 0]","4"
"[np.int32(6), 0]","4"
"[np.int32(6), 0]","4"
"[np.int32(6), 0]","4"
"[np.int32(6), 0]","4"
"[np.int32(6), 0]","4"
"[np.int32(6), 0]","1"
"[np.int32(7), 0]","2"
"[np.int32(7), 0]","2"
"[np.int32(7), 0]","2"
"[np.int32(7), 0]","2"
"[np.int32(7), 0]","4"
"[np.int32(7), 0]","2"
"[np.int32(7), 0]","2"
"[np.int32(7), 0]","2"
"[np.int32(7), 0]","2"
"[np.int32(7), 0]","2"
"[np.int32(7), 0]","2"
"[np.int32(7), 0]","3"
"[np.int32(7), 1]","4"
"[np.int32(7), 1]","4"
"[np.int32(7), 1]","4"
"[np.int32(7), 1]","4"
"[np.int32(7), 1]","4"
"[np.int32(7), 1]","4"
"[np.int32(7), 1]","4"
"[np.int32(7), 1]","4"
"[np.int32(7), 1]","4"
"[np.int32(7), 1]","4"
"[np.int32(7), 1]","4"
"[np.int32(7), 1]","4"
"[np.int32(7), 1]","4"
"[np.int32(7), 1]","4"
"[np.int32(7), 1]","4"
"[np.int32(7), 1]","4"
"[np.int32(7), 1]","4"
"[np.int32(7), 1]","4"
"[np.int32(7), 1]","3"
"[np.int32(3), np.int32(4)]","1"
"[np.int32(4), np.int32(4)]","1"
"[np.int32(5), np.int32(4)]","3"
"[np.int32(0), np.int32(6)]","2"
"[np.int32(0), np.int32(5)]","3"
"[np.int32(0), np.int32(6)]","2"
"[np.int32(0), np.int32(5)]","3"
"[np.int32(0), np.int32(6)]","3"
"[np.int32(0), np.int32(7)]","0"
"[0, np.int32(7)]","3"
"[0, np.int32(8)]","0"
"[0, np.int32(8)]","0"
"[0, np.int32(8)]","0"
"[0, np.int32(8)]","0"
"[0, np.int32(8)]","4"
"[0, np.int32(8)]","0"
"[0, np.int32(8)]","0"
"[0, np.int32(8)]","0"
"[0, np.int32(8)]","1"
"[1, np.int32(8)]","3"
"[1, 9]","4"
"[1, 9]","4"
"[1, 9]","3"
"[1, 9]","4"
"[1, 9]","2"
"[1, 8]","3"
"[1, 9]","4"
"[1, 9]","2"
"[1, 8]","3"
"[1, 9]","4"
"[1, 9]","4"
"[1, 9]","4"
"[1, 9]","4"
"[1, 9]","4"
"[1, 9]","4"
"[1, 9]","4"
"[1, 9]","4"
"[1, 9]","4"
"[1, 9]","4"
"[1, 9]","2"
"[1, 8]","3"
"[1, 9]","4"
"[1, 9]","4"
"[1, 9]","4"
"[1, 9]","1"
"[2, 9]","3"
"[2, 9]","3"
"[2, 9]","3"
"[2, 9]","4"
"[2, 9]","3"
"[2, 9]","3"
"[2, 9]","3"
"[2, 9]","3"
"[2, 9]","3"
"[2, 9]","3"
"[2, 9]","3"
"[2, 9]","3"
"[2, 9]","3"
"[2, 9]","3"
"[2, 9]","3"
"[2, 9]","0"
"[1, 9]","4"
"[1, 9]","4"
"[1, 9]","4"
"[1, 9]","4"
"[1, 9]","4"
"[1, 9]","4"
"[1, 9]","4"
"[1, 9]","3"
"[1, 9]","4"
"[1, 9]","4"
"[1, 9]","1"
"[2, 9]","3"
"[2, 9]","3"
"[2, 9]","3"
"[2, 9]","3"
"[2, 9]","3"
"[2, 9]","3"
"[2, 9]","3"
"[2, 9]","3"
"[2, 9]","3"
"[2, 9]","3"
"[2, 9]","3"
"[2, 9]","3"
"[2, 9]","3"
"[2, 9]","3"
"[2, 9]","3"
"[2, 9]","3"
"[2, 9]","3"
"[2, 9]","3"
"[2, 9]","3"
"[2, 9]","4"
"[2, 9]","3"
"[2, 9]","3"
"[2, 9]","3"
"[2, 9]","4"
"[2, 9]","3"
"[2, 9]","3"
"[2, 9]","3"
"[2, 9]","3"
"[2, 9]","3"
"[2, 9]","3"
"[2, 9]","3"
"[2, 9]","3"
"[2, 9]","3"
"[2, 9]","3"
"[2, 9]","2"
"[2, 8]","1"
"[3, 8]","0"
"[2, 8]","1"
"[3, 8]","0"
"[2, 8]","1"
"[3, 8]","0"
"[2, 8]","3"
"[2, 9]","3"
"[2, 9]","3"
"[2, 9]","3"
"[2, 9]","3"
"[2, 9]","3"
"[2, 9]","3"
"[2, 9]","3"
"[2, 9]","3"
"[2, 9]","3"
"[2, 9]","3"
"[2, 9]","3"
"[2, 9]","3"
"[2, 9]","3"
"[2, 9]","3"
"[2, 9]","3"
"[2, 9]","3"
"[2, 9]","3"
"[2, 9]","1"
"[np.int32(5), np.int32(9)]","0"
"[np.int32(4), np.int32(9)]","2"
"[np.int32(4), np.int32(8)]","2"
"[np.int32(4), np.int32(7)]","2"
"[np.int32(4), np.int32(6)]","1"
"[np.int32(5), np.int32(6)]","2"
"[np.int32(5), np.int32(9)]","3"
"[np.int32(5), 9]","0"
"[np.int32(4), 9]","0"
"[np.int32(3), 9]","4"
"[np.int32(3), 9]","4"
"[np.int32(3), 9]","4"
"[np.int32(3), 9]","4"
"[np.int32(3), 9]","4"
"[np.int32(3), 9]","4"
"[np.int32(3), 9]","4"
"[np.int32(3), 9]","4"
"[np.int32(3), 9]","4"
"[np.int32(3), 9]","1"
"[np.int32(4), 9]","2"
"[np.int32(4), 8]","2"
"[np.int32(4), 7]","2"
"[np.int32(4), 6]","1"
"[np.int32(5), 6]","2"
"[np.int32(2), np.int32(4)]","4"
"[np.int32(2), np.int32(4)]","4"
"[np.int32(2), np.int32(4)]","4"
"[np.int32(2), np.int32(4)]","4"
"[np.int32(2), np.int32(4)]","4"
"[np.int32(2), np.int32(4)]","4"
"[np.int32(2), np.int32(4)]","4"
"[np.int32(2), np.int32(4)]","1"
"[np.int32(3), np.int32(4)]","1"
"[np.int32(4), np.int32(4)]","1"
"[np.int32(5), np.int32(4)]","3"
"[np.int32(3), np.int32(4)]","1"
"[np.int32(4), np.int32(4)]","4"
"[np.int32(4), np.int32(4)]","1"
"[np.int32(5), np.int32(4)]","3"
"[np.int32(8), np.int32(8)]","4"
"[np.int32(8), np.int32(8)]","4"
"[np.int32(8), np.int32(8)]","4"
"[np.int32(8), np.int32(8)]","2"
"[np.int32(8), np.int32(7)]","3"
"[np.int32(8), np.int32(8)]","4"
"[np.int32(8), np.int32(8)]","4"
"[np.int32(8), np.int32(8)]","4"
"[np.int32(8), np.int32(8)]","4"
"[np.int32(8), np.int32(8)]","4"
"[np.int32(8), np.int32(8)]","4"
"[np.int32(8), np.int32(8)]","4"
"[np.int32(8), np.int32(8)]","4"
"[np.int32(8), np.int32(8)]","4"
"[np.int32(8), np.int32(8)]","4"
"[np.int32(8), np.int32(8)]","4"
"[np.int32(8), np.int32(8)]","4"
"[np.int32(8), np.int32(8)]","4"
"[np.int32(8), np.int32(8)]","4"
"[np.int32(8), np.int32(8)]","4"
"[np.int32(8), np.int32(8)]","3"
"[np.int32(8), 9]","4"
"[np.int32(8), 9]","3"
"[np.int32(8), 9]","1"
"[9, 9]","2"
"[9, 8]","4"
"[9, 8]","1"
"[9, 8]","4"
"[9, 8]","4"
"[9, 8]","4"
"[9, 8]","4"
"[9, 8]","4"
"[9, 8]","0"
"[8, 8]","0"
"[7, 8]","2"
"[7, 7]","2"
"[7, 6]","0"
"[6, 6]","0"
"[5, 6]","2"
"[np.int32(3), np.int32(4)]","1"
"[np.int32(7), np.int32(2)]","0"
"[np.int32(6), np.int32(2)]","3"
"[np.int32(6), np.int32(3)]","2"
"[np.int32(6), np.int32(2)]","3"
"[np.int32(6), np.int32(3)]","3"
"[np.int32(6), np.int32(4)]","0"
"[np.int32(0), np.int32(7)]","3"
"[np.int32(9), np.int32(2)]","1"
"[9, np.int32(2)]","1"
"[9, np.int32(2)]","1"
"[9, np.int32(2)]","1"
"[9, np.int32(2)]","1"
"[9, np.int32(2)]","1"
"[9, np.int32(2)]","1"
"[9, np.int32(2)]","1"
"[9, np.int32(2)]","1"
"[9, np.int32(2)]","1"
"[9, np.int32(2)]","1"
"[9, np.int32(2)]","3"
"[np.int32(3), np.int32(0)]","2"
"[np.int32(3), 0]","2"
"[np.int32(3), 0]","4"
"[np.int32(3), 0]","2"
"[np.int32(3), 0]","2"
"[np.int32(3), 0]","2"
"[np.int32(3), 0]","2"
"[np.int32(3), 0]","2"
"[np.int32(3), 0]","2"
"[np.int32(3), 0]","2"
"[np.int32(3), 0]","3"
"[np.int32(3), 1]","4"
"[np.int32(3), 1]","1"
"[np.int32(4), 1]","2"
"[np.int32(4), 0]","3"
"[np.int32(4), 1]","3"
"[np.int32(4), 2]","1"
"[np.int32(5), 2]","3"
"[np.int32(5), 3]","4"
"[np.int32(5), 3]","2"
"[np.int32(5), 2]","3"
"[np.int32(5), 3]","1"
"[np.int32(6), 3]","3"
"[np.int32(6), 4]","0"
"[np.int32(5), 4]","3"
"[np.int32(9), np.int32(4)]","0"
"[np.int32(8), np.int32(4)]","0"
"[np.int32(7), np.int32(4)]","0"
"[np.int32(6), np.int32(4)]","0"
"[np.int32(5), np.int32(4)]","3"
"[np.int32(1), np.int32(0)]","2"
"[np.int32(1), 0]","2"
"[np.int32(1), 0]","2"
"[np.int32(1), 0]","2"
"[np.int32(1), 0]","2"
"[np.int32(1), 0]","4"
"[np.int32(1), 0]","2"
"[np.int32(1), 0]","1"
"[np.int32(2), 0]","3"
"[np.int32(2), 1]","0"
"[np.int32(1), 1]","1"
"[np.int32(2), 1]","4"
"[np.int32(2), 1]","4"
"[np.int32(2), 1]","4"
"[np.int32(2), 1]","4"
"[np.int32(2), 1]","4"
"[np.int32(2), 1]","4"
"[np.int32(2), 1]","4"
"[np.int32(2), 1]","4"
"[np.int32(2), 1]","4"
"[np.int32(2), 1]","4"
"[np.int32(2), 1]","4"
"[np.int32(2), 1]","4"
"[np.int32(2), 1]","4"
"[np.int32(2), 1]","4"
"[np.int32(2), 1]","4"
"[np.int32(2), 1]","2"
"[np.int32(2), 0]","3"
"[np.int32(2), 1]","2"
"[np.int32(2), 0]","3"
"[np.int32(2), 1]","4"
"[np.int32(2), 1]","3"
"[np.int32(2), 2]","0"
"[np.int32(1), 2]","4"
"[np.int32(1), 2]","0"
"[0, 2]","4"
"[0, 2]","4"
"[0, 2]","4"
"[0, 2]","0"
"[0, 2]","4"
"[0, 2]","4"
"[0, 2]","4"
"[0, 2]","4"
"[0, 2]","4"
"[0, 2]","4"
"[0, 2]","4"
"[0, 2]","4"
"[0, 2]","4"
"[0, 2]","1"
"[1, 2]","1"
"[2, 2]","0"
"[1, 2]","2"
"[1, 1]","1"
"[2, 1]","1"
"[3, 1]","4"
"[3, 1]","4"
"[3, 1]","4"
"[3, 1]","0"
"[2, 1]","1"
"[3, 1]","4"
"[3, 1]","4"
"[3, 1]","4"
"[3, 1]","4"
"[3, 1]","4"
"[3, 1]","4"
"[3, 1]","0"
"[2, 1]","4"
"[2, 1]","4"
"[2, 1]","4"
"[2, 1]","4"
"[2, 1]","4"
"[2, 1]","4"
"[2, 1]","4"
"[2, 1]","4"
"[2, 1]","4"
"[2, 1]","4"
"[2, 1]","4"
"[2, 1]","4"
"[2, 1]","4"
"[2, 1]","4"
"[2, 1]","4"
"[2, 1]","4"
"[2, 1]","4"
"[2, 1]","0"
"[1, 1]","1"
"[2, 1]","4"
"[2, 1]","4"
"[2, 1]","4"
"[2, 1]","4"
"[2, 1]","4"
"[2, 1]","4"
"[2, 1]","4"
"[2, 1]","4"
"[2, 1]","4"
"[2, 1]","4"
"[2, 1]","4"
"[2, 1]","1"
"[3, 1]","4"
"[3, 1]","2"
"[3, 0]","2"
"[3, 0]","2"
"[3, 0]","2"
"[3, 0]","2"
"[3, 0]","2"
"[3, 0]","2"
"[3, 0]","2"
"[3, 0]","2"
"[3, 0]","2"
"[3, 0]","2"
"[3, 0]","2"
"[3, 0]","2"
"[3, 0]","2"
"[3, 0]","2"
"[3, 0]","2"
"[3, 0]","2"
"[3, 0]","2"
"[3, 0]","3"
"[3, 1]","4"
"[3, 1]","4"
"[3, 1]","4"
"[3, 1]","4"
"[3, 1]","4"
"[3, 1]","4"
"[3, 1]","4"
"[3, 1]","4"
"[3, 1]","4"
"[3, 1]","4"
"[3, 1]","4"
"[3, 1]","4"
"[3, 1]","4"
"[3, 1]","4"
"[3, 1]","4"
"[3, 1]","0"
"[2, 1]","4"
"[2, 1]","4"
"[2, 1]","4"
"[2, 1]","2"
"[2, 0]","3"
"[2, 1]","4"
"[2, 1]","4"
"[2, 1]","4"
"[2, 1]","4"
"[2, 1]","3"
"[2, 2]","0"
"[1, 2]","4"
"[1, 2]","4"
"[1, 2]","4"
"[1, 2]","1"
"[2, 2]","2"
"[2, 1]","4"
"[2, 1]","4"
"[2, 1]","0"
"[1, 1]","2"
"[1, 0]","2"
"[1, 0]","2"
"[1, 0]","2"
"[1, 0]","2"
"[1, 0]","2"
"[1, 0]","2"
"[1, 0]","2"
"[1, 0]","2"
"[1, 0]","2"
"[1, 0]","2"
"[1, 0]","2"
"[1, 0]","2"
"[1, 0]","2"
"[1, 0]","2"
"[1, 0]","2"
"[1, 0]","2"
"[1, 0]","2"
"[1, 0]","2"
"[1, 0]","2"
"[1, 0]","2"
"[1, 0]","2"
"[1, 0]","2"
"[1, 0]","2"
"[1, 0]","0"
"[0, 0]","0"
"[0, 0]","0"
"[0, 0]","4"
"[0, 0]","0"
"[0, 0]","0"
"[0, 0]","0"
"[0, 0]","0"
"[0, 0]","0"
"[0, 0]","0"
"[0, 0]","0"
"[0, 0]","0"
"[0, 0]","0"
"[0, 0]","0"
"[0, 0]","0"
"[0, 0]","0"
"[0, 0]","0"
"[0, 0]","0"
"[0, 0]","0"
"[0, 0]","0"
"[0, 0]","0"
"[0, 0]","0"
"[0, 0]","0"
"[0, 0]","0"
"[0, 0]","0"
"[0, 0]","0"
"[0, 0]","0"
"[0, 0]","4"
"[0, 0]","0"
"[0, 0]","0"
"[0, 0]","0"
"[0, 0]","1"
"[1, 0]","2"
"[1, 0]","2"
"[1, 0]","2"
"[1, 0]","2"
"[1, 0]","2"
"[1, 0]","2"
"[1, 0]","2"
"[1, 0]","2"
"[1, 0]","0"
"[0, 0]","0"
"[0, 0]","0"
"[0, 0]","0"
"[0, 0]","0"
"[0, 0]","0"
"[0, 0]","0"
"[0, 0]","0"
"[0, 0]","4"
"[0, 0]","0"
"[0, 0]","0"
"[0, 0]","0"
"[0, 0]","0"
"[0, 0]","0"
"[0, 0]","0"
"[0, 0]","0"
"[0, 0]","0"
"[0, 0]","4"
"[0, 0]","0"
"[0, 0]","0"
"[0, 0]","0"
"[0, 0]","0"
"[0, 0]","0"
"[0, 0]","3"
"[0, 1]","0"
"[0, 1]","1"
"[1, 1]","1"
"[2, 1]","4"
"[2, 1]","4"
"[2, 1]","4"
"[2, 1]","4"
"[2, 1]","4"
"[2, 1]","4"
"[2, 1]","4"
"[2, 1]","4"
"[2, 1]","4"
"[2, 1]","4"
"[2, 1]","4"
"[2, 1]","4"
"[2, 1]","4"
"[2, 1]","1"
"[3, 1]","4"
"[3, 1]","4"
"[3, 1]","4"
"[3, 1]","4"
"[3, 1]","4"
"[3, 1]","4"
"[3, 1]","4"
"[3, 1]","4"
"[3, 1]","4"
"[3, 1]","4"
"[3, 1]","4"
"[3, 1]","4"
"[3, 1]","4"
"[3, 1]","4"
"[3, 1]","4"
"[3, 1]","4"
"[3, 1]","4"
"[3, 1]","4"
"[3, 1]","4"
"[3, 1]","2"
"[3, 0]","2"
"[3, 0]","2"
"[3, 0]","2"
"[3, 0]","2"
"[3, 0]","2"
"[3, 0]","2"
"[3, 0]","4"
"[3, 0]","2"
"[3, 0]","2"
"[3, 0]","2"
"[3, 0]","2"
"[3, 0]","0"
"[2, 0]","4"
"[2, 0]","3"
"[2, 1]","4"
"[2, 1]","4"
"[2, 1]","4"
"[2, 1]","4"
"[2, 1]","4"
"[2, 1]","4"
"[2, 1]","0"
"[1, 1]","1"
"[2, 1]","4"
"[2, 1]","4"
"[2, 1]","4"
"[2, 1]","4"
"[2, 1]","4"
"[2, 1]","4"
"[2, 1]","4"
"[2, 1]","4"
"[2, 1]","4"
"[2, 1]","4"
"[2, 1]","4"
"[2, 1]","4"
"[2, 1]","4"
"[2, 1]","4"
"[2, 1]","4"
"[2, 1]","4"
"[2, 1]","1"
"[3, 1]","1"
"[np.int32(9), np.int32(9)]","0"
"[np.int32(8), np.int32(9)]","4"
"[np.int32(8), np.int32(9)]","4"
"[np.int32(8), np.int32(9)]","3"
"[np.int32(8), 9]","4"
"[np.int32(8), 9]","4"
"[np.int32(8), 9]","4"
"[np.int32(8), 9]","4"
"[np.int32(8), 9]","4"
"[np.int32(8), 9]","4"
"[np.int32(8), 9]","4"
"[np.int32(8), 9]","4"
"[np.int32(8), 9]","4"
"[np.int32(8), 9]","4"
"[np.int32(8), 9]","4"
"[np.int32(8), 9]","4"
"[np.int32(8), 9]","4"
"[np.int32(8), 9]","4"
"[np.int32(8), 9]","4"
"[np.int32(8), 9]","4"
"[np.int32(8), 9]","4"
"[np.int32(8), 9]","4"
"[np.int32(8), 9]","4"
"[np.int32(8), 9]","4"
"[np.int32(8), 9]","1"
"[9, 9]","2"
"[9, 8]","4"
"[9, 8]","4"
"[9, 8]","4"
"[9, 8]","4"
"[9, 8]","4"
"[9, 8]","4"
"[9, 8]","4"
"[9, 8]","4"
"[9, 8]","4"
"[9, 8]","4"
"[9, 8]","4"
"[9, 8]","0"
"[8, 8]","4"
"[8, 8]","4"
"[8, 8]","4"
"[8, 8]","4"
"[8, 8]","4"
"[8, 8]","4"
"[8, 8]","4"
"[8, 8]","4"
"[8, 8]","4"
"[8, 8]","4"
"[8, 8]","4"
"[8, 8]","1"
"[9, 8]","4"
"[9, 8]","4"
"[9, 8]","1"
"[9, 8]","2"
"[9, 7]","4"
"[9, 7]","4"
"[9, 7]","4"
"[9, 7]","4"
"[9, 7]","1"
"[9, 7]","0"
"[8, 7]","3"
"[8, 8]","4"
"[8, 8]","4"
"[8, 8]","1"
"[9, 8]","4"
"[9, 8]","3"
"[9, 9]","2"
"[9, 8]","4"
"[9, 8]","4"
"[9, 8]","3"
"[9, 9]","2"
"[9, 8]","1"
"[9, 8]","4"
"[9, 8]","3"
"[9, 9]","2"
"[9, 8]","4"
"[9, 8]","4"
"[9, 8]","4"
"[9, 8]","4"
"[9, 8]","4"
"[9, 8]","4"
"[9, 8]","4"
"[9, 8]","4"
"[9, 8]","4"
"[9, 8]","4"
"[9, 8]","4"
"[9, 8]","4"
"[9, 8]","4"
"[9, 8]","4"
"[9, 8]","4"
"[9, 8]","4"
"[9, 8]","3"
"[9, 9]","2"
"[9, 8]","4"
"[9, 8]","4"
"[9, 8]","4"
"[9, 8]","4"
"[9, 8]","4"
"[9, 8]","4"
"[9, 8]","4"
"[9, 8]","4"
"[9, 8]","4"
"[9, 8]","4"
"[9, 8]","4"
"[9, 8]","4"
"[9, 8]","3"
"[9, 9]","2"
"[9, 8]","4"
"[9, 8]","2"
"[9, 7]","4"
"[9, 7]","0"
"[8, 7]","3"
"[8, 8]","4"
"[8, 8]","3"
"[8, 9]","4"
"[8, 9]","3"
"[8, 9]","4"
"[8, 9]","4"
"[8, 9]","4"
"[8, 9]","4"
"[8, 9]","4"
"[8, 9]","4"
"[8, 9]","4"
"[8, 9]","4"
"[8, 9]","4"
"[8, 9]","4"
"[8, 9]","4"
"[8, 9]","4"
"[8, 9]","4"
"[8, 9]","4"
"[8, 9]","4"
"[8, 9]","4"
"[8, 9]","4"
"[8, 9]","4"
"[8, 9]","4"
"[8, 9]","4"
"[8, 9]","4"
"[8, 9]","4"
"[8, 9]","4"
"[8, 9]","1"
"[9, 9]","2"
"[9, 8]","4"
"[9, 8]","4"
"[9, 8]","4"
"[9, 8]","4"
"[9, 8]","4"
"[9, 8]","4"
"[9, 8]","4"
"[9, 8]","4"
"[9, 8]","4"
"[9, 8]","4"
"[9, 8]","1"
"[9, 8]","4"
"[9, 8]","4"
"[9, 8]","0"
"[8, 8]","4"
"[8, 8]","4"
"[8, 8]","4"
"[8, 8]","4"
"[8, 8]","4"
"[8, 8]","4"
"[8, 8]","4"
"[8, 8]","4"
"[8, 8]","4"
"[8, 8]","4"
"[8, 8]","4"
"[8, 8]","4"
"[8, 8]","1"
"[9, 8]","4"
"[9, 8]","4"
"[9, 8]","4"
"[9, 8]","4"
"[9, 8]","4"
"[9, 8]","4"
"[9, 8]","2"
"[9, 7]","4"
"[9, 7]","1"
"[9, 7]","4"
"[9, 7]","4"
"[9, 7]","4"
"[9, 7]","4"
"[9, 7]","4"
"[9, 7]","4"
"[9, 7]","4"
"[9, 7]","4"
"[9, 7]","4"
"[9, 7]","4"
"[9, 7]","4"
"[9, 7]","0"
"[8, 7]","3"
"[8, 8]","4"
"[8, 8]","4"
"[8, 8]","4"
"[8, 8]","4"
"[8, 8]","4"
"[8, 8]","4"
"[8, 8]","4"
"[8, 8]","1"
"[9, 8]","4"
"[9, 8]","4"
"[9, 8]","4"
"[9, 8]","4"
"[9, 8]","4"
"[9, 8]","4"
"[9, 8]","0"
"[8, 8]","3"
"[8, 9]","4"
"[8, 9]","4"
"[8, 9]","4"
"[8, 9]","4"
"[8, 9]","1"
"[9, 9]","2"
"[9, 8]","4"
"[9, 8]","4"
"[9, 8]","4"
"[9, 8]","0"
"[8, 8]","4"
"[8, 8]","4"
"[8, 8]","4"
"[8, 8]","2"
"[8, 7]","3"
"[8, 8]","1"
"[9, 8]","4"
"[9, 8]","4"
"[9, 8]","4"
"[9, 8]","3"
"[9, 9]","2"
"[9, 8]","2"
"[9, 7]","4"
"[9, 7]","4"
"[9, 7]","4"
"[9, 7]","4"
"[9, 7]","4"
"[9, 7]","4"
"[9, 7]","4"
"[9, 7]","4"
"[9, 7]","4"
"[9, 7]","3"
"[9, 8]","4"
"[9, 8]","4"
"[9, 8]","4"
"[9, 8]","4"
"[9, 8]","4"
"[9, 8]","4"
"[9, 8]","4"
"[9, 8]","4"
"[9, 8]","4"
"[9, 8]","4"
"[9, 8]","4"
"[9, 8]","4"
"[9, 8]","4"
"[9, 8]","4"
"[9, 8]","4"
"[9, 8]","4"
"[9, 8]","4"
"[9, 8]","4"
"[9, 8]","4"
"[9, 8]","4"
"[9, 8]","4"
"[9, 8]","4"
"[9, 8]","4"
"[9, 8]","4"
"[9, 8]","4"
"[9, 8]","1"
"[9, 8]","4"
"[9, 8]","4"
"[9, 8]","4"
"[9, 8]","1"
"[9, 8]","4"
"[9, 8]","4"
"[9, 8]","4"
"[9, 8]","4"
"[9, 8]","4"
"[9, 8]","4"
"[9, 8]","4"
"[9, 8]","4"
"[9, 8]","4"
"[9, 8]","4"
"[9, 8]","4"
"[9, 8]","4"
"[9, 8]","4"
"[9, 8]","4"
"[9, 8]","4"
"[9, 8]","4"
"[9, 8]","0"
"[8, 8]","4"
"[8, 8]","4"
"[8, 8]","4"
"[8, 8]","4"
"[8, 8]","4"
"[8, 8]","4"
"[8, 8]","4"
"[8, 8]","4"
"[8, 8]","4"
"[8, 8]","4"
"[8, 8]","4"
"[8, 8]","4"
"[8, 8]","4"
"[8, 8]","4"
"[8, 8]","4"
"[8, 8]","4"
"[8, 8]","4"
"[8, 8]","4"
"[8, 8]","4"
"[8, 8]","4"
"[8, 8]","4"
"[8, 8]","4"
"[8, 8]","4"
"[8, 8]","4"
"[8, 8]","4"
"[8, 8]","4"
"[8, 8]","4"
"[8, 8]","4"
"[8, 8]","4"
"[8, 8]","4"
"[8, 8]","2"
"[8, 7]","3"
"[8, 8]","4"
"[8, 8]","0"
"[7, 8]","2"
"[7, 7]","2"
"[7, 6]","1"
"[8, 6]","0"
"[7, 6]","0"
"[6, 6]","0"
"[5, 6]","0"
"[4, 6]","1"
"[5, 6]","2"
"[np.int32(5), np.int32(6)]","2"
"[np.int32(4), np.int32(7)]","2"
"[np.int32(4), np.int32(6)]","1"
"[np.int32(5), np.int32(6)]","3"
"[np.int32(5), np.int32(7)]","0"
"[np.int32(4), np.int32(7)]","2"
"[np.int32(4), np.int32(6)]","1"
"[np.int32(5), np.int32(6)]","2"
"[np.int32(3), np.int32(8)]","0"
"[np.int32(2), np.int32(8)]","1"
"[np.int32(3), np.int32(8)]","1"
"[np.int32(4), np.int32(8)]","2"
"[np.int32(0), np.int32(3)]","0"
"[0, np.int32(3)]","1"
"[1, np.int32(3)]","4"
"[1, np.int32(3)]","4"
"[1, np.int32(3)]","4"
"[1, np.int32(3)]","4"
"[1, np.int32(3)]","4"
"[1, np.int32(3)]","4"
"[1, np.int32(3)]","1"
"[2, np.int32(3)]","4"
"[2, np.int32(3)]","4"
"[2, np.int32(3)]","0"
"[1, np.int32(3)]","4"
"[1, np.int32(3)]","4"
"[1, np.int32(3)]","4"
"[1, np.int32(3)]","4"
"[1, np.int32(3)]","4"
"[1, np.int32(3)]","4"
"[1, np.int32(3)]","3"
"[1, np.int32(4)]","1"
"[2, np.int32(4)]","4"
"[2, np.int32(4)]","4"
"[2, np.int32(4)]","4"
"[2, np.int32(4)]","3"
"[2, np.int32(5)]","0"
"[1, np.int32(5)]","2"
"[1, np.int32(4)]","4"
"[1, np.int32(4)]","4"
"[1, np.int32(4)]","4"
"[1, np.int32(4)]","4"
"[1, np.int32(4)]","2"
"[1, np.int32(3)]","4"
"[1, np.int32(3)]","4"
"[1, np.int32(3)]","4"
"[1, np.int32(3)]","1"
"[2, np.int32(3)]","4"
"[2, np.int32(3)]","1"
"[3, np.int32(3)]","4"
"[3, np.int32(3)]","4"
"[3, np.int32(3)]","4"
"[3, np.int32(3)]","4"
"[3, np.int32(3)]","4"
"[3, np.int32(3)]","4"
"[3, np.int32(3)]","4"
"[3, np.int32(3)]","4"
"[3, np.int32(3)]","4"
"[3, np.int32(3)]","4"
"[3, np.int32(3)]","4"
"[3, np.int32(3)]","1"
"[np.int32(9), np.int32(4)]","0"
"[np.int32(8), np.int32(4)]","0"
"[np.int32(7), np.int32(4)]","0"
"[np.int32(6), np.int32(4)]","0"
"[np.int32(5), np.int32(4)]","3"
"[np.int32(4), np.int32(9)]","3"
"[np.int32(4), 9]","2"
"[np.int32(4), 8]","2"
"[np.int32(4), 7]","2"
"[np.int32(4), 6]","1"
"[np.int32(5), 6]","2"
"[np.int32(9), np.int32(1)]","4"
"[np.int32(9), np.int32(1)]","4"
"[np.int32(9), np.int32(1)]","4"
"[np.int32(9), np.int32(1)]","4"
"[np.int32(9), np.int32(1)]","0"
"[np.int32(5), np.int32(3)]","1"
"[np.int32(6), np.int32(3)]","1"
"[np.int32(7), np.int32(3)]","3"
"[np.int32(7), np.int32(4)]","2"
"[np.int32(7), np.int32(3)]","3"
"[np.int32(7), np.int32(4)]","1"
"[np.int32(8), np.int32(4)]","0"
"[np.int32(7), np.int32(4)]","0"
"[np.int32(6), np.int32(4)]","0"
"[np.int32(5), np.int32(4)]","3"
"[np.int32(7), np.int32(3)]","4"
"[np.int32(7), np.int32(3)]","3"
"[np.int32(7), np.int32(4)]","0"
"[np.int32(6), np.int32(4)]","0"
"[np.int32(5), np.int32(4)]","4"
"[np.int32(5), np.int32(4)]","3"
"[np.int32(1), np.int32(7)]","4"
"[np.int32(1), np.int32(7)]","4"
"[np.int32(1), np.int32(7)]","4"
"[np.int32(1), np.int32(7)]","4"
"[np.int32(1), np.int32(7)]","4"
"[np.int32(1), np.int32(7)]","4"
"[np.int32(1), np.int32(7)]","4"
"[np.int32(1), np.int32(7)]","4"
"[np.int32(1), np.int32(7)]","4"
"[np.int32(1), np.int32(7)]","4"
"[np.int32(1), np.int32(7)]","4"
"[np.int32(1), np.int32(7)]","4"
"[np.int32(1), np.int32(7)]","4"
"[np.int32(1), np.int32(7)]","4"
"[np.int32(1), np.int32(7)]","4"
"[np.int32(1), np.int32(7)]","4"
"[np.int32(1), np.int32(7)]","4"
"[np.int32(1), np.int32(7)]","4"
"[np.int32(1), np.int32(7)]","4"
"[np.int32(1), np.int32(7)]","4"
"[np.int32(1), np.int32(7)]","4"
"[np.int32(1), np.int32(7)]","4"
"[np.int32(1), np.int32(7)]","4"
"[np.int32(1), np.int32(7)]","2"
"[np.int32(1), np.int32(6)]","4"
"[np.int32(1), np.int32(6)]","4"
"[np.int32(1), np.int32(6)]","4"
"[np.int32(1), np.int32(6)]","4"
"[np.int32(1), np.int32(6)]","4"
"[np.int32(1), np.int32(6)]","4"
"[np.int32(1), np.int32(6)]","4"
"[np.int32(1), np.int32(6)]","4"
"[np.int32(1), np.int32(6)]","4"
"[np.int32(1), np.int32(6)]","3"
"[np.int32(1), np.int32(7)]","4"
"[np.int32(1), np.int32(7)]","4"
"[np.int32(1), np.int32(7)]","4"
"[np.int32(1), np.int32(7)]","4"
"[np.int32(1), np.int32(7)]","0"
"[0, np.int32(7)]","0"
"[0, np.int32(7)]","0"
"[0, np.int32(7)]","0"
"[0, np.int32(7)]","0"
"[0, np.int32(7)]","0"
"[0, np.int32(7)]","0"
"[0, np.int32(7)]","0"
"[0, np.int32(7)]","3"
"[0, np.int32(8)]","0"
"[0, np.int32(8)]","0"
"[0, np.int32(8)]","1"
"[1, np.int32(8)]","3"
"[np.int32(4), np.int32(3)]","4"
"[np.int32(4), np.int32(3)]","4"
"[np.int32(4), np.int32(3)]","4"
"[np.int32(4), np.int32(3)]","4"
"[np.int32(4), np.int32(3)]","4"
"[np.int32(4), np.int32(3)]","4"
"[np.int32(4), np.int32(3)]","4"
"[np.int32(4), np.int32(3)]","4"
"[np.int32(4), np.int32(3)]","4"
"[np.int32(4), np.int32(3)]","4"
"[np.int32(4), np.int32(3)]","4"
"[np.int32(4), np.int32(3)]","1"
"[np.int32(6), np.int32(1)]","4"
"[np.int32(6), np.int32(1)]","0"
"[np.int32(5), np.int32(1)]","4"
"[np.int32(5), np.int32(1)]","4"
"[np.int32(5), np.int32(1)]","4"
"[np.int32(5), np.int32(1)]","4"
"[np.int32(5), np.int32(1)]","2"
"[np.int32(5), 0]","1"
"[np.int32(6), 0]","4"
"[np.int32(6), 0]","4"
"[np.int32(6), 0]","4"
"[np.int32(6), 0]","4"
"[np.int32(6), 0]","4"
"[np.int32(6), 0]","4"
"[np.int32(6), 0]","4"
"[np.int32(6), 0]","4"
"[np.int32(6), 0]","4"
"[np.int32(6), 0]","4"
"[np.int32(6), 0]","4"
"[np.int32(6), 0]","4"
"[np.int32(6), 0]","4"
"[np.int32(6), 0]","3"
"[np.int32(6), 1]","4"
"[np.int32(6), 1]","4"
"[np.int32(6), 1]","4"
"[np.int32(6), 1]","2"
"[np.int32(6), 0]","4"
"[np.int32(6), 0]","4"
"[np.int32(6), 0]","4"
"[np.int32(6), 0]","4"
"[np.int32(6), 0]","4"
"[np.int32(6), 0]","4"
"[np.int32(6), 0]","4"
"[np.int32(6), 0]","4"
"[np.int32(6), 0]","4"
"[np.int32(6), 0]","4"
"[np.int32(6), 0]","4"
"[np.int32(6), 0]","4"
"[np.int32(6), 0]","4"
"[np.int32(6), 0]","4"
"[np.int32(6), 0]","4"
"[np.int32(6), 0]","4"
"[np.int32(6), 0]","4"
"[np.int32(6), 0]","4"
"[np.int32(6), 0]","0"
"[np.int32(5), 0]","1"
"[np.int32(6), 0]","4"
"[np.int32(6), 0]","4"
"[np.int32(6), 0]","4"
"[np.int32(6), 0]","4"
"[np.int32(6), 0]","4"
"[np.int32(6), 0]","4"
"[np.int32(6), 0]","4"
"[np.int32(6), 0]","4"
"[np.int32(6), 0]","4"
"[np.int32(6), 0]","4"
"[np.int32(6), 0]","4"
"[np.int32(6), 0]","4"
"[np.int32(6), 0]","4"
"[np.int32(6), 0]","4"
"[np.int32(6), 0]","4"
"[np.int32(6), 0]","1"
"[np.int32(7), 0]","3"
"[np.int32(7), 1]","1"
"[np.int32(8), 1]","0"
"[np.int32(7), 1]","4"
"[np.int32(7), 1]","4"
"[np.int32(7), 1]","0"
"[np.int32(6), 1]","4"
"[np.int32(6), 1]","4"
"[np.int32(6), 1]","4"
"[np.int32(6), 1]","4"
"[np.int32(6), 1]","4"
"[np.int32(6), 1]","4"
"[np.int32(6), 1]","4"
"[np.int32(6), 1]","4"
"[np.int32(6), 1]","4"
"[np.int32(6), 1]","4"
"[np.int32(6), 1]","4"
"[np.int32(6), 1]","4"
"[np.int32(6), 1]","4"
"[np.int32(6), 1]","4"
"[np.int32(6), 1]","4"
"[np.int32(6), 1]","4"
"[np.int32(6), 1]","4"
"[np.int32(6), 1]","4"
"[np.int32(6), 1]","4"
"[np.int32(6), 1]","4"
"[np.int32(6), 1]","4"
"[np.int32(6), 1]","4"
"[np.int32(6), 1]","4"
"[np.int32(6), 1]","4"
"[np.int32(6), 1]","4"
"[np.int32(6), 1]","4"
"[np.int32(6), 1]","4"
"[np.int32(6), 1]","4"
"[np.int32(6), 1]","0"
"[np.int32(5), 1]","4"
"[np.int32(5), 1]","2"
"[np.int32(5), 0]","1"
"[np.int32(6), 0]","4"
"[np.int32(6), 0]","4"
"[np.int32(6), 0]","4"
"[np.int32(6), 0]","4"
"[np.int32(6), 0]","4"
"[np.int32(6), 0]","4"
"[np.int32(6), 0]","4"
"[np.int32(6), 0]","4"
"[np.int32(6), 0]","4"
"[np.int32(6), 0]","4"
"[np.int32(6), 0]","4"
"[np.int32(6), 0]","4"
"[np.int32(6), 0]","4"
"[np.int32(6), 0]","4"
"[np.int32(6), 0]","3"
"[np.int32(6), 1]","4"
"[np.int32(6), 1]","4"
"[np.int32(6), 1]","2"
"[np.int32(6), 0]","4"
"[np.int32(6), 0]","4"
"[np.int32(6), 0]","4"
"[np.int32(6), 0]","4"
"[np.int32(6), 0]","4"
"[np.int32(6), 0]","4"
"[np.int32(6), 0]","4"
"[np.int32(6), 0]","4"
"[np.int32(6), 0]","4"
"[np.int32(6), 0]","4"
"[np.int32(6), 0]","4"
"[np.int32(6), 0]","0"
"[np.int32(5), 0]","1"
"[np.int32(6), 0]","4"
"[np.int32(6), 0]","4"
"[np.int32(6), 0]","4"
"[np.int32(6), 0]","4"
"[np.int32(6), 0]","4"
"[np.int32(6), 0]","4"
"[np.int32(6), 0]","4"
"[np.int32(6), 0]","4"
"[np.int32(6), 0]","4"
"[np.int32(6), 0]","4"
"[np.int32(6), 0]","4"
"[np.int32(6), 0]","4"
"[np.int32(6), 0]","2"
"[np.int32(6), 0]","4"
"[np.int32(6), 0]","4"
"[np.int32(6), 0]","4"
"[np.int32(6), 0]","4"
"[np.int32(6), 0]","4"
"[np.int32(6), 0]","4"
"[np.int32(6), 0]","4"
"[np.int32(6), 0]","4"
"[np.int32(6), 0]","4"
"[np.int32(6), 0]","4"
"[np.int32(6), 0]","4"
"[np.int32(6), 0]","4"
"[np.int32(6), 0]","1"
"[np.int32(7), 0]","2"
"[np.int32(7), 0]","2"
"[np.int32(7), 0]","2"
"[np.int32(7), 0]","3"
"[np.int32(7), 1]","2"
"[np.int32(7), 0]","4"
"[np.int32(7), 0]","2"
"[np.int32(7), 0]","4"
"[np.int32(7), 0]","2"
"[np.int32(7), 0]","2"
"[np.int32(7), 0]","2"
"[np.int32(7), 0]","2"
"[np.int32(7), 0]","0"
"[np.int32(6), 0]","4"
"[np.int32(6), 0]","4"
"[np.int32(6), 0]","4"
"[np.int32(6), 0]","4"
"[np.int32(6), 0]","4"
"[np.int32(6), 0]","4"
"[np.int32(6), 0]","4"
"[np.int32(6), 0]","3"
"[np.int32(6), 1]","4"
"[np.int32(6), 1]","4"
"[np.int32(6), 1]","0"
"[np.int32(5), 1]","4"
"[np.int32(5), 1]","4"
"[np.int32(5), 1]","4"
"[np.int32(5), 1]","4"
"[np.int32(5), 1]","4"
"[np.int32(5), 1]","4"
"[np.int32(5), 1]","4"
"[np.int32(5), 1]","2"
"[np.int32(5), 0]","1"
"[np.int32(6), 0]","4"
"[np.int32(6), 0]","4"
"[np.int32(6), 0]","4"
"[np.int32(6), 0]","4"
"[np.int32(6), 0]","4"
"[np.int32(6), 0]","4"
"[np.int32(6), 0]","4"
"[np.int32(6), 0]","1"
"[np.int32(7), 0]","2"
"[np.int32(7), 0]","2"
"[np.int32(7), 0]","0"
"[np.int32(6), 0]","4"
"[np.int32(6), 0]","4"
"[np.int32(6), 0]","4"
"[np.int32(6), 0]","4"
"[np.int32(6), 0]","4"
"[np.int32(6), 0]","4"
"[np.int32(6), 0]","4"
"[np.int32(6), 0]","4"
"[np.int32(6), 0]","4"
"[np.int32(6), 0]","3"
"[np.int32(6), 1]","4"
"[np.int32(6), 1]","4"
"[np.int32(6), 1]","4"
"[np.int32(6), 1]","4"
"[np.int32(6), 1]","4"
"[np.int32(6), 1]","4"
"[np.int32(6), 1]","4"
"[np.int32(6), 1]","4"
"[np.int32(6), 1]","3"
"[np.int32(6), 2]","3"
"[np.int32(6), 3]","3"
"[np.int32(6), np.int32(3)]","3"
"[np.int32(6), np.int32(4)]","1"
"[np.int32(7), np.int32(4)]","0"
"[np.int32(6), np.int32(4)]","1"
"[np.int32(7), np.int32(4)]","0"
"[np.int32(6), np.int32(4)]","0"
"[np.int32(5), np.int32(4)]","1"
"[np.int32(6), np.int32(4)]","0"
"[np.int32(5), np.int32(4)]","3"
"[np.int32(0), np.int32(8)]","0"
"[0, np.int32(8)]","0"
"[0, np.int32(8)]","0"
"[0, np.int32(8)]","3"
"[0, 9]","2"
"[0, 8]","0"
"[0, 8]","0"
"[0, 8]","0"
"[0, 8]","0"
"[0, 8]","0"
"[0, 8]","0"
"[0, 8]","0"
"[0, 8]","0"
"[0, 8]","0"
"[0, 8]","0"
"[0, 8]","0"
"[0, 8]","0"
"[0, 8]","0"
"[0, 8]","3"
"[0, 9]","2"
"[0, 8]","0"
"[0, 8]","0"
"[0, 8]","0"
"[0, 8]","0"
"[0, 8]","0"
"[0, 8]","0"
"[0, 8]","0"
"[0, 8]","0"
"[0, 8]","0"
"[0, 8]","0"
"[0, 8]","0"
"[0, 8]","0"
"[0, 8]","0"
"[0, 8]","0"
"[0, 8]","0"
"[0, 8]","0"
"[0, 8]","0"
"[0, 8]","4"
"[0, 8]","0"
"[0, 8]","0"
"[0, 8]","0"
"[0, 8]","0"
"[0, 8]","0"
"[0, 8]","0"
"[0, 8]","0"
"[0, 8]","0"
"[0, 8]","0"
"[0, 8]","0"
"[0, 8]","0"
"[0, 8]","0"
"[0, 8]","0"
"[0, 8]","0"
"[0, 8]","0"
"[0, 8]","0"
"[0, 8]","0"
"[0, 8]","0"
"[0, 8]","0"
"[0, 8]","0"
"[0, 8]","0"
"[0, 8]","0"
"[0, 8]","0"
"[0, 8]","0"
"[0, 8]","0"
"[0, 8]","0"
"[0, 8]","0"
"[0, 8]","0"
"[0, 8]","0"
"[0, 8]","3"
"[0, 9]","2"
"[0, 8]","1"
"[1, 8]","3"
"[1, 9]","4"
"[1, 9]","4"
"[1, 9]","4"
"[1, 9]","0"
"[0, 9]","2"
"[0, 8]","0"
"[0, 8]","0"
"[0, 8]","0"
"[0, 8]","0"
"[0, 8]","0"
"[0, 8]","0"
"[0, 8]","0"
"[0, 8]","0"
"[0, 8]","0"
"[0, 8]","2"
"[0, 7]","3"
"[0, 8]","0"
"[0, 8]","0"
"[0, 8]","0"
"[0, 8]","0"
"[0, 8]","3"
"[0, 9]","2"
"[0, 8]","0"
"[0, 8]","0"
"[0, 8]","0"
"[0, 8]","0"
"[0, 8]","0"
"[0, 8]","0"
"[0, 8]","0"
"[0, 8]","0"
"[0, 8]","0"
"[0, 8]","0"
"[0, 8]","0"
"[0, 8]","0"
"[0, 8]","0"
"[0, 8]","0"
"[0, 8]","0"
"[0, 8]","0"
"[0, 8]","0"
"[0, 8]","0"
"[0, 8]","0"
"[0, 8]","0"
"[0, 8]","3"
"[0, 9]","2"
"[0, 8]","4"
"[0, 8]","0"
"[0, 8]","0"
"[0, 8]","0"
"[0, 8]","0"
"[0, 8]","0"
"[0, 8]","0"
"[0, 8]","0"
"[0, 8]","0"
"[0, 8]","0"
"[0, 8]","0"
"[0, 8]","0"
"[0, 8]","0"
"[0, 8]","0"
"[0, 8]","0"
"[0, 8]","0"
"[0, 8]","0"
"[0, 8]","0"
"[0, 8]","3"
"[0, 9]","2"
"[0, 8]","0"
"[0, 8]","0"
"[0, 8]","0"
"[0, 8]","0"
"[0, 8]","0"
"[0, 8]","0"
"[0, 8]","0"
"[0, 8]","0"
"[0, 8]","1"
"[1, 8]","3"
"[1, 9]","0"
"[0, 9]","2"
"[0, 8]","2"
"[0, 7]","0"
"[0, 7]","2"
"[np.int32(0), np.int32(6)]","2"
"[np.int32(0), np.int32(5)]","2"
"[np.int32(0), np.int32(4)]","4"
"[np.int32(0), np.int32(4)]","4"
"[np.int32(0), np.int32(4)]","4"
"[np.int32(0), np.int32(4)]","4"
"[np.int32(0), np.int32(4)]","4"
"[np.int32(0), np.int32(4)]","4"
"[np.int32(0), np.int32(4)]","4"
"[np.int32(0), np.int32(4)]","1"
"[np.int32(1), np.int32(4)]","4"
"[np.int32(1), np.int32(4)]","4"
"[np.int32(1), np.int32(4)]","4"
"[np.int32(1), np.int32(4)]","1"
"[np.int32(0), np.int32(5)]","3"
"[np.int32(0), np.int32(6)]","1"
"[np.int32(1), np.int32(6)]","4"
"[np.int32(1), np.int32(6)]","4"
"[np.int32(1), np.int32(6)]","4"
"[np.int32(1), np.int32(6)]","1"
"[np.int32(2), np.int32(6)]","4"
"[np.int32(2), np.int32(6)]","4"
"[np.int32(2), np.int32(6)]","4"
"[np.int32(2), np.int32(6)]","4"
"[np.int32(2), np.int32(6)]","4"
"[np.int32(2), np.int32(6)]","1"
"[np.int32(3), np.int32(6)]","1"
"[np.int32(4), np.int32(6)]","1"
"[np.int32(5), np.int32(6)]","2"
"[np.int32(4), np.int32(5)]","1"
"[np.int32(9), np.int32(7)]","4"
"[np.int32(9), np.int32(7)]","4"
"[np.int32(9), np.int32(7)]","4"
"[np.int32(9), np.int32(7)]","4"
"[np.int32(9), np.int32(7)]","4"
"[np.int32(9), np.int32(7)]","4"
"[np.int32(9), np.int32(7)]","0"
"[np.int32(8), np.int32(7)]","3"
"[np.int32(8), np.int32(8)]","1"
"[9, np.int32(8)]","4"
"[9, np.int32(8)]","4"
"[9, np.int32(8)]","4"
"[9, np.int32(8)]","2"
"[9, np.int32(7)]","4"
"[9, np.int32(7)]","4"
"[9, np.int32(7)]","4"
"[9, np.int32(7)]","4"
"[9, np.int32(7)]","4"
"[9, np.int32(7)]","4"
"[9, np.int32(7)]","3"
"[9, np.int32(8)]","4"
"[9, np.int32(8)]","4"
"[9, np.int32(8)]","4"
"[9, np.int32(8)]","1"
"[9, np.int32(8)]","4"
"[9, np.int32(8)]","4"
"[9, np.int32(8)]","4"
"[9, np.int32(8)]","4"
"[9, np.int32(8)]","4"
"[9, np.int32(8)]","4"
"[9, np.int32(8)]","2"
"[9, np.int32(7)]","4"
"[9, np.int32(7)]","4"
"[9, np.int32(7)]","4"
"[9, np.int32(7)]","4"
"[9, np.int32(7)]","4"
"[9, np.int32(7)]","4"
"[9, np.int32(7)]","4"
"[9, np.int32(7)]","3"
"[9, np.int32(8)]","4"
"[9, np.int32(8)]","4"
"[9, np.int32(8)]","4"
"[9, np.int32(8)]","4"
"[9, np.int32(8)]","4"
"[9, np.int32(8)]","1"
"[9, np.int32(8)]","0"
"[8, np.int32(8)]","4"
"[8, np.int32(8)]","4"
"[8, np.int32(8)]","4"
"[8, np.int32(8)]","4"
"[8, np.int32(8)]","0"
"[7, np.int32(8)]","4"
"[7, np.int32(8)]","2"
"[7, np.int32(7)]","2"
"[7, np.int32(6)]","0"
"[6, np.int32(6)]","0"
"[np.int32(2), np.int32(8)]","1"
"[np.int32(3), np.int32(8)]","0"
"[np.int32(2), np.int32(8)]","1"
"[np.int32(3), np.int32(8)]","0"
"[np.int32(2), np.int32(8)]","1"
"[np.int32(3), np.int32(8)]","0"
"[np.int32(2), np.int32(8)]","1"
"[np.int32(3), np.int32(8)]","0"
"[np.int32(2), np.int32(8)]","1"
"[np.int32(3), np.int32(8)]","0"
"[np.int32(2), np.int32(8)]","0"
"[np.int32(1), np.int32(8)]","3"
"[np.int32(1), 9]","0"
"[0, 9]","2"
"[0, 8]","0"
"[0, 8]","2"
"[0, 7]","0"
"[0, 7]","3"
"[0, 8]","4"
"[0, 8]","0"
"[0, 8]","0"
"[0, 8]","0"
"[0, 8]","0"
"[0, 8]","0"
"[0, 8]","0"
"[0, 8]","0"
"[0, 8]","0"
"[0, 8]","1"
"[1, 8]","2"
"[1, 7]","4"
"[1, 7]","4"
"[1, 7]","4"
"[1, 7]","4"
"[1, 7]","4"
"[1, 7]","4"
"[1, 7]","4"
"[1, 7]","4"
"[1, 7]","4"
"[1, 7]","2"
"[1, 6]","4"
"[1, 6]","2"
"[1, 5]","1"
"[np.int32(0), np.int32(9)]","4"
"[np.int32(0), np.int32(9)]","2"
"[np.int32(0), np.int32(8)]","0"
"[0, np.int32(8)]","0"
"[0, np.int32(8)]","0"
"[0, np.int32(8)]","0"
"[0, np.int32(8)]","0"
"[0, np.int32(8)]","1"
"[np.int32(6), np.int32(7)]","2"
"[np.int32(6), np.int32(6)]","0"
"[np.int32(5), np.int32(6)]","2"
"[np.int32(3), np.int32(7)]","4"
"[np.int32(3), np.int32(7)]","4"
"[np.int32(3), np.int32(7)]","4"
"[np.int32(3), np.int32(7)]","4"
"[np.int32(3), np.int32(7)]","4"
"[np.int32(3), np.int32(7)]","4"
"[np.int32(3), np.int32(7)]","4"
"[np.int32(3), np.int32(7)]","4"
"[np.int32(3), np.int32(7)]","1"
"[np.int32(4), np.int32(7)]","2"
"[np.int32(4), np.int32(6)]","1"
"[np.int32(5), np.int32(6)]","2"
"[np.int32(9), np.int32(2)]","1"
"[9, np.int32(2)]","1"
"[9, np.int32(2)]","1"
"[9, np.int32(2)]","1"
"[9, np.int32(2)]","2"
"[np.int32(1), np.int32(1)]","1"
"[np.int32(6), np.int32(1)]","4"
"[np.int32(6), np.int32(1)]","4"
"[np.int32(6), np.int32(1)]","4"
"[np.int32(6), np.int32(1)]","2"
"[np.int32(6), 0]","4"
"[np.int32(6), 0]","4"
"[np.int32(6), 0]","4"
"[np.int32(6), 0]","4"
"[np.int32(6), 0]","4"
"[np.int32(6), 0]","4"
"[np.int32(6), 0]","4"
"[np.int32(6), 0]","4"
"[np.int32(6), 0]","4"
"[np.int32(6), 0]","4"
"[np.int32(6), 0]","4"
"[np.int32(6), 0]","4"
"[np.int32(6), 0]","2"
"[np.int32(6), 0]","4"
"[np.int32(6), 0]","3"
"[np.int32(6), 1]","4"
"[np.int32(6), 1]","4"
"[np.int32(6), 1]","4"
"[np.int32(6), 1]","3"
"[np.int32(6), 2]","2"
"[np.int32(6), 1]","4"
"[np.int32(6), 1]","4"
"[np.int32(6), 1]","4"
"[np.int32(6), 1]","4"
"[np.int32(6), 1]","3"
"[np.int32(6), 2]","3"
"[np.int32(6), 3]","3"
"[np.int32(6), 4]","0"
"[np.int32(5), 4]","3"
"[np.int32(8), np.int32(8)]","4"
"[np.int32(8), np.int32(8)]","4"
"[np.int32(8), np.int32(8)]","4"
"[np.int32(8), np.int32(8)]","4"
"[np.int32(8), np.int32(8)]","4"
"[np.int32(8), np.int32(8)]","4"
"[np.int32(8), np.int32(8)]","3"
"[np.int32(8), 9]","4"
"[np.int32(8), 9]","4"
"[np.int32(8), 9]","4"
"[np.int32(8), 9]","4"
"[np.int32(8), 9]","4"
"[np.int32(8), 9]","4"
"[np.int32(8), 9]","4"
"[np.int32(8), 9]","4"
"[np.int32(8), 9]","4"
"[np.int32(8), 9]","2"
"[np.int32(8), 8]","0"
"[np.int32(2), np.int32(0)]","3"
"[np.int32(2), np.int32(1)]","2"
"[np.int32(2), 0]","3"
"[np.int32(2), 1]","4"
"[np.int32(2), 1]","4"
"[np.int32(2), 1]","4"
"[np.int32(2), 1]","4"
"[np.int32(2), 1]","4"
"[np.int32(2), 1]","4"
"[np.int32(2), 1]","2"
"[np.int32(2), 0]","3"
"[np.int32(2), 1]","4"
"[np.int32(2), 1]","4"
"[np.int32(2), 1]","4"
"[np.int32(2), 1]","3"
"[np.int32(2), 2]","0"
"[np.int32(1), np.int32(0)]","2"
"[np.int32(1), 0]","2"
"[np.int32(1), 0]","2"
"[np.int32(1), 0]","2"
"[np.int32(1), 0]","2"
"[np.int32(1), 0]","2"
"[np.int32(1), 0]","2"
"[np.int32(1), 0]","2"
"[np.int32(1), 0]","2"
"[np.int32(1), 0]","2"
"[np.int32(1), 0]","2"
"[np.int32(1), 0]","2"
"[np.int32(1), 0]","2"
"[np.int32(1), 0]","2"
"[np.int32(1), 0]","3"
"[np.int32(1), 1]","1"
"[np.int32(2), 1]","4"
"[np.int32(2), 1]","4"
"[np.int32(2), 1]","4"
"[np.int32(2), 1]","4"
"[np.int32(2), 1]","4"
"[np.int32(2), 1]","0"
"[np.int32(1), 1]","2"
"[np.int32(1), 0]","2"
"[np.int32(1), 0]","2"
"[np.int32(1), 0]","2"
"[np.int32(1), 0]","2"
"[np.int32(1), 0]","1"
"[np.int32(2), 0]","3"
"[np.int32(2), 1]","4"
"[np.int32(2), 1]","4"
"[np.int32(2), 1]","4"
"[np.int32(2), 1]","4"
"[np.int32(2), 1]","4"
"[np.int32(2), 1]","0"
"[np.int32(1), 1]","1"
"[np.int32(2), 1]","4"
"[np.int32(2), 1]","4"
"[np.int32(2), 1]","4"
"[np.int32(2), 1]","4"
"[np.int32(2), 1]","4"
"[np.int32(2), 1]","4"
"[np.int32(2), 1]","4"
"[np.int32(2), 1]","4"
"[np.int32(2), 1]","4"
"[np.int32(2), 1]","4"
"[np.int32(2), 1]","4"
"[np.int32(2), 1]","4"
"[np.int32(2), 1]","4"
"[np.int32(2), 1]","3"
"[np.int32(2), 2]","0"
"[np.int32(1), 2]","4"
"[np.int32(1), 2]","4"
"[np.int32(1), 2]","4"
"[np.int32(1), 2]","2"
"[np.int32(1), 1]","1"
"[np.int32(2), 1]","4"
"[np.int32(2), 1]","2"
"[np.int32(2), 0]","3"
"[np.int32(2), 1]","4"
"[np.int32(2), 1]","4"
"[np.int32(2), 1]","4"
"[np.int32(2), 1]","3"
"[np.int32(2), 2]","0"
"[np.int32(1), 2]","4"
"[np.int32(1), 2]","4"
"[np.int32(1), 2]","4"
"[np.int32(1), 2]","4"
"[np.int32(1), 2]","4"
"[np.int32(1), 2]","4"
"[np.int32(1), 2]","4"
"[np.int32(1), 2]","4"
"[np.int32(1), 2]","4"
"[np.int32(1), 2]","2"
"[np.int32(1), 1]","1"
"[np.int32(2), 1]","4"
"[np.int32(2), 1]","4"
"[np.int32(2), 1]","4"
"[np.int32(2), 1]","3"
"[np.int32(2), 2]","0"
"[np.int32(1), 2]","4"
"[np.int32(1), 2]","4"
"[np.int32(1), 2]","4"
"[np.int32(1), 2]","4"
"[np.int32(1), 2]","4"
"[np.int32(1), 2]","4"
"[np.int32(1), 2]","4"
"[np.int32(1), 2]","3"
"[np.int32(1), 3]","4"
"[np.int32(1), 3]","4"
"[np.int32(1), 3]","4"
"[np.int32(1), 3]","4"
"[np.int32(1), 3]","4"
"[np.int32(1), 3]","4"
"[np.int32(1), 3]","4"
"[np.int32(1), 3]","0"
"[0, 3]","0"
"[0, 3]","1"
"[1, 3]","4"
"[1, 3]","4"
"[1, 3]","4"
"[1, 3]","4"
"[1, 3]","3"
"[1, 4]","4"
"[1, 4]","4"
"[1, 4]","0"
"[np.int32(3), np.int32(2)]","4"
"[np.int32(3), np.int32(2)]","4"
"[np.int32(3), np.int32(2)]","4"
"[np.int32(3), np.int32(2)]","4"
"[np.int32(3), np.int32(2)]","4"
"[np.int32(3), np.int32(2)]","4"
"[np.int32(3), np.int32(2)]","4"
"[np.int32(3), np.int32(2)]","4"
"[np.int32(3), np.int32(2)]","4"
"[np.int32(3), np.int32(2)]","4"
"[np.int32(3), np.int32(2)]","4"
"[np.int32(3), np.int32(2)]","4"
"[np.int32(3), np.int32(2)]","2"
"[np.int32(3), np.int32(1)]","4"
"[np.int32(3), np.int32(1)]","3"
"[np.int32(3), np.int32(2)]","4"
"[np.int32(3), np.int32(2)]","4"
"[np.int32(3), np.int32(2)]","4"
"[np.int32(3), np.int32(2)]","4"
"[np.int32(3), np.int32(2)]","4"
"[np.int32(3), np.int32(2)]","4"
"[np.int32(3), np.int32(2)]","4"
"[np.int32(3), np.int32(2)]","2"
"[np.int32(3), np.int32(1)]","4"
"[np.int32(3), np.int32(1)]","4"
"[np.int32(3), np.int32(1)]","4"
"[np.int32(3), np.int32(1)]","4"
"[np.int32(3), np.int32(1)]","4"
"[np.int32(3), np.int32(1)]","4"
"[np.int32(3), np.int32(1)]","4"
"[np.int32(3), np.int32(1)]","4"
"[np.int32(3), np.int32(1)]","3"
"[np.int32(3), np.int32(2)]","4"
"[np.int32(3), np.int32(2)]","4"
"[np.int32(3), np.int32(2)]","2"
"[np.int32(3), np.int32(1)]","4"
"[np.int32(3), np.int32(1)]","3"
"[np.int32(3), np.int32(2)]","4"
"[np.int32(3), np.int32(2)]","4"
"[np.int32(3), np.int32(2)]","4"
"[np.int32(3), np.int32(2)]","4"
"[np.int32(3), np.int32(2)]","4"
"[np.int32(3), np.int32(2)]","4"
"[np.int32(3), np.int32(2)]","4"
"[np.int32(3), np.int32(2)]","3"
"[np.int32(3), np.int32(3)]","4"
"[np.int32(3), np.int32(3)]","1"
"[np.int32(4), np.int32(3)]","4"
"[np.int32(4), np.int32(3)]","4"
"[np.int32(4), np.int32(3)]","4"
"[np.int32(4), np.int32(3)]","4"
"[np.int32(4), np.int32(3)]","4"
"[np.int32(4), np.int32(3)]","4"
"[np.int32(4), np.int32(3)]","4"
"[np.int32(4), np.int32(3)]","4"
"[np.int32(4), np.int32(3)]","4"
"[np.int32(4), np.int32(3)]","4"
"[np.int32(4), np.int32(3)]","4"
"[np.int32(4), np.int32(3)]","4"
"[np.int32(4), np.int32(3)]","4"
"[np.int32(4), np.int32(3)]","4"
"[np.int32(4), np.int32(3)]","4"
"[np.int32(4), np.int32(3)]","4"
"[np.int32(4), np.int32(3)]","4"
"[np.int32(4), np.int32(3)]","4"
"[np.int32(4), np.int32(3)]","4"
"[np.int32(4), np.int32(3)]","4"
"[np.int32(4), np.int32(3)]","4"
"[np.int32(4), np.int32(3)]","4"
"[np.int32(4), np.int32(3)]","4"
"[np.int32(4), np.int32(3)]","4"
"[np.int32(4), np.int32(3)]","4"
"[np.int32(4), np.int32(3)]","4"
"[np.int32(4), np.int32(3)]","4"
"[np.int32(4), np.int32(3)]","4"
"[np.int32(4), np.int32(3)]","4"
"[np.int32(4), np.int32(3)]","4"
"[np.int32(4), np.int32(3)]","4"
"[np.int32(4), np.int32(3)]","4"
"[np.int32(4), np.int32(3)]","4"
"[np.int32(4), np.int32(3)]","4"
"[np.int32(4), np.int32(3)]","2"
"[np.int32(4), np.int32(2)]","1"
"[np.int32(5), np.int32(2)]","3"
"[np.int32(5), np.int32(3)]","1"
"[np.int32(6), np.int32(3)]","3"
"[np.int32(6), np.int32(4)]","0"
"[np.int32(5), np.int32(4)]","3"
"[np.int32(5), np.int32(0)]","1"
"[np.int32(6), np.int32(0)]","4"
"[np.int32(6), np.int32(0)]","4"
"[np.int32(6), np.int32(0)]","4"
"[np.int32(6), np.int32(0)]","4"
"[np.int32(6), np.int32(0)]","0"
"[np.int32(5), np.int32(0)]","1"
"[np.int32(6), np.int32(0)]","4"
"[np.int32(6), np.int32(0)]","4"
"[np.int32(6), np.int32(0)]","4"
"[np.int32(6), np.int32(0)]","4"
"[np.int32(6), np.int32(0)]","4"
"[np.int32(6), np.int32(0)]","4"
"[np.int32(6), np.int32(0)]","4"
"[np.int32(6), np.int32(0)]","4"
"[np.int32(6), np.int32(0)]","0"
"[np.int32(5), np.int32(0)]","1"
"[np.int32(6), np.int32(0)]","4"
"[np.int32(6), np.int32(0)]","4"
"[np.int32(6), np.int32(0)]","4"
"[np.int32(6), np.int32(0)]","4"
"[np.int32(6), np.int32(0)]","2"
"[np.int32(6), 0]","4"
"[np.int32(6), 0]","4"
"[np.int32(6), 0]","4"
"[np.int32(6), 0]","4"
"[np.int32(6), 0]","4"
"[np.int32(6), 0]","4"
"[np.int32(6), 0]","4"
"[np.int32(6), 0]","4"
"[np.int32(6), 0]","4"
"[np.int32(6), 0]","4"
"[np.int32(6), 0]","4"
"[np.int32(6), 0]","4"
"[np.int32(6), 0]","4"
"[np.int32(6), 0]","4"
"[np.int32(6), 0]","4"
"[np.int32(6), 0]","2"
"[np.int32(6), 0]","4"
"[np.int32(6), 0]","4"
"[np.int32(6), 0]","4"
"[np.int32(6), 0]","4"
"[np.int32(6), 0]","3"
"[np.int32(6), np.int32(9)]","3"
"[np.int32(6), 9]","4"
"[np.int32(6), 9]","3"
"[np.int32(6), 9]","3"
"[np.int32(6), 9]","3"
"[np.int32(6), 9]","3"
"[np.int32(6), 9]","3"
"[np.int32(6), 9]","2"
"[np.int32(6), 8]","1"
"[np.int32(7), 8]","4"
"[np.int32(7), 8]","3"
"[np.int32(7), 9]","0"
"[np.int32(6), 9]","3"
"[np.int32(6), 9]","3"
"[np.int32(6), 9]","3"
"[np.int32(6), 9]","3"
"[np.int32(6), 9]","3"
"[np.int32(6), 9]","3"
"[np.int32(6), 9]","3"
"[np.int32(6), 9]","3"
"[np.int32(6), 9]","3"
"[np.int32(6), 9]","3"
"[np.int32(6), 9]","3"
"[np.int32(6), 9]","3"
"[np.int32(6), 9]","3"
"[np.int32(6), 9]","3"
"[np.int32(6), 9]","4"
"[np.int32(6), 9]","1"
"[np.int32(7), 9]","0"
"[np.int32(6), 9]","3"
"[np.int32(6), 9]","3"
"[np.int32(6), 9]","3"
"[np.int32(6), 9]","3"
"[np.int32(6), 9]","3"
"[np.int32(6), 9]","3"
"[np.int32(6), 9]","3"
"[np.int32(6), 9]","3"
"[np.int32(6), 9]","3"
"[np.int32(6), 9]","3"
"[np.int32(6), 9]","3"
"[np.int32(6), 9]","3"
"[np.int32(6), 9]","3"
"[np.int32(6), 9]","4"
"[np.int32(6), 9]","3"
"[np.int32(6), 9]","3"
"[np.int32(6), 9]","3"
"[np.int32(6), 9]","3"
"[np.int32(6), 9]","1"
"[np.int32(7), 9]","3"
"[np.int32(7), 9]","0"
"[np.int32(6), 9]","1"
"[np.int32(7), 9]","0"
"[np.int32(6), 9]","3"
"[np.int32(6), 9]","3"
"[np.int32(6), 9]","3"
"[np.int32(6), 9]","3"
"[np.int32(6), 9]","3"
"[np.int32(6), 9]","3"
"[np.int32(6), 9]","2"
"[np.int32(6), 8]","1"
"[np.int32(7), 8]","2"
"[np.int32(7), 7]","2"
"[np.int32(7), 6]","0"
"[np.int32(9), np.int32(9)]","2"
"[np.int32(9), np.int32(8)]","4"
"[np.int32(9), np.int32(8)]","4"
"[np.int32(9), np.int32(8)]","4"
"[np.int32(9), np.int32(8)]","4"
"[np.int32(9), np.int32(8)]","4"
"[np.int32(9), np.int32(8)]","0"
"[np.int32(8), np.int32(8)]","4"
"[np.int32(8), np.int32(8)]","4"
"[np.int32(8), np.int32(8)]","4"
"[np.int32(8), np.int32(8)]","4"
"[np.int32(8), np.int32(8)]","4"
"[np.int32(8), np.int32(8)]","2"
"[np.int32(8), np.int32(7)]","3"
"[np.int32(8), np.int32(8)]","4"
"[np.int32(8), np.int32(8)]","4"
"[np.int32(8), np.int32(8)]","0"
"[np.int32(1), np.int32(3)]","4"
"[np.int32(1), np.int32(3)]","4"
"[np.int32(1), np.int32(3)]","4"
"[np.int32(1), np.int32(3)]","4"
"[np.int32(1), np.int32(3)]","4"
"[np.int32(1), np.int32(3)]","4"
"[np.int32(1), np.int32(3)]","4"
"[np.int32(1), np.int32(3)]","4"
"[np.int32(1), np.int32(3)]","4"
"[np.int32(1), np.int32(3)]","4"
"[np.int32(1), np.int32(3)]","0"
"[0, np.int32(3)]","4"
"[0, np.int32(3)]","0"
"[0, np.int32(3)]","0"
"[0, np.int32(3)]","0"
"[0, np.int32(3)]","0"
"[0, np.int32(3)]","0"
"[0, np.int32(3)]","0"
"[0, np.int32(3)]","0"
"[0, np.int32(3)]","0"
"[0, np.int32(3)]","0"
"[0, np.int32(3)]","1"
"[1, np.int32(3)]","4"
"[1, np.int32(3)]","4"
"[1, np.int32(3)]","2"
"[1, np.int32(2)]","4"
"[1, np.int32(2)]","0"
"[0, np.int32(2)]","4"
"[0, np.int32(2)]","4"
"[0, np.int32(2)]","4"
"[0, np.int32(2)]","4"
"[0, np.int32(2)]","4"
"[0, np.int32(2)]","4"
"[0, np.int32(2)]","1"
"[1, np.int32(2)]","4"
"[1, np.int32(2)]","4"
"[1, np.int32(2)]","4"
"[1, np.int32(2)]","4"
"[1, np.int32(2)]","4"
"[1, np.int32(2)]","4"
"[1, np.int32(2)]","4"
"[1, np.int32(2)]","4"
"[1, np.int32(2)]","4"
"[1, np.int32(2)]","4"
"[1, np.int32(2)]","4"
"[1, np.int32(2)]","4"
"[1, np.int32(2)]","4"
"[1, np.int32(2)]","4"
"[1, np.int32(2)]","4"
"[1, np.int32(2)]","4"
"[1, np.int32(2)]","4"
"[1, np.int32(2)]","4"
"[1, np.int32(2)]","4"
"[1, np.int32(2)]","0"
"[0, np.int32(2)]","4"
"[0, np.int32(2)]","0"
"[0, np.int32(2)]","4"
"[0, np.int32(2)]","4"
"[0, np.int32(2)]","4"
"[0, np.int32(2)]","4"
"[0, np.int32(2)]","4"
"[0, np.int32(2)]","4"
"[0, np.int32(2)]","2"
"[0, np.int32(1)]","0"
"[0, np.int32(1)]","0"
"[0, np.int32(1)]","0"
"[0, np.int32(1)]","0"
"[0, np.int32(1)]","0"
"[0, np.int32(1)]","0"
"[0, np.int32(1)]","0"
"[0, np.int32(1)]","0"
"[0, np.int32(1)]","0"
"[0, np.int32(1)]","0"
"[0, np.int32(1)]","0"
"[0, np.int32(1)]","4"
"[0, np.int32(1)]","0"
"[0, np.int32(1)]","0"
"[0, np.int32(1)]","0"
"[0, np.int32(1)]","0"
"[0, np.int32(1)]","0"
"[0, np.int32(1)]","0"
"[0, np.int32(1)]","0"
"[0, np.int32(1)]","0"
"[0, np.int32(1)]","0"
"[0, np.int32(1)]","0"
"[0, np.int32(1)]","0"
"[0, np.int32(1)]","0"
"[0, np.int32(1)]","0"
"[0, np.int32(1)]","0"
"[0, np.int32(1)]","0"
"[0, np.int32(1)]","0"
"[0, np.int32(1)]","4"
"[0, np.int32(1)]","0"
"[0, np.int32(1)]","0"
"[0, np.int32(1)]","2"
"[0, 0]","0"
"[0, 0]","0"
"[0, 0]","0"
"[0, 0]","0"
"[0, 0]","0"
"[0, 0]","0"
"[0, 0]","0"
"[0, 0]","0"
"[0, 0]","0"
"[0, 0]","0"
"[0, 0]","0"
"[0, 0]","0"
"[0, 0]","0"
"[0, 0]","0"
"[0, 0]","0"
"[0, 0]","0"
"[0, 0]","0"
"[0, 0]","0"
"[0, 0]","0"
"[0, 0]","0"
"[0, 0]","0"
"[0, 0]","0"
"[0, 0]","0"
"[0, 0]","0"
"[0, 0]","0"
"[0, 0]","0"
"[0, 0]","0"
"[0, 0]","0"
"[0, 0]","0"
"[0, 0]","0"
"[0, 0]","0"
"[0, 0]","0"
"[0, 0]","0"
"[0, 0]","0"
"[0, 0]","0"
"[0, 0]","0"
"[0, 0]","2"
"[0, 0]","0"
"[0, 0]","0"
"[0, 0]","0"
"[0, 0]","0"
"[0, 0]","0"
"[0, 0]","0"
"[0, 0]","0"
"[0, 0]","0"
"[0, 0]","0"
"[0, 0]","4"
"[0, 0]","4"
"[0, 0]","0"
"[0, 0]","0"
"[0, 0]","0"
"[0, 0]","0"
"[0, 0]","0"
"[0, 0]","0"
"[0, 0]","0"
"[0, 0]","3"
"[0, 1]","0"
"[0, 1]","0"
"[0, 1]","0"
"[0, 1]","0"
"[0, 1]","0"
"[0, 1]","0"
"[0, 1]","2"
"[0, 0]","0"
"[0, 0]","0"
"[0, 0]","0"
"[0, 0]","3"
"[0, 1]","0"
"[0, 1]","2"
"[0, 0]","0"
"[0, 0]","0"
"[0, 0]","0"
"[0, 0]","0"
"[0, 0]","0"
"[0, 0]","0"
"[0, 0]","0"
"[0, 0]","0"
"[0, 0]","0"
"[0, 0]","0"
"[0, 0]","0"
"[0, 0]","0"
"[0, 0]","0"
"[0, 0]","2"
"[0, 0]","0"
"[0, 0]","0"
"[0, 0]","0"
"[0, 0]","0"
"[0, 0]","0"
"[0, 0]","0"
"[0, 0]","3"
"[0, 1]","4"
"[0, 1]","0"
"[0, 1]","3"
"[0, 2]","4"
"[0, 2]","4"
"[0, 2]","4"
"[0, 2]","4"
"[0, 2]","1"
"[1, 2]","4"
"[1, 2]","4"
"[1, 2]","2"
"[1, 1]","1"
"[np.int32(9), np.int32(2)]","0"
"[np.int32(2), np.int32(5)]","4"
"[np.int32(2), np.int32(5)]","4"
"[np.int32(2), np.int32(5)]","4"
"[np.int32(2), np.int32(5)]","4"
"[np.int32(2), np.int32(5)]","4"
"[np.int32(2), np.int32(5)]","4"
"[np.int32(2), np.int32(5)]","4"
"[np.int32(2), np.int32(5)]","4"
"[np.int32(2), np.int32(5)]","4"
"[np.int32(2), np.int32(5)]","4"
"[np.int32(2), np.int32(5)]","4"
"[np.int32(2), np.int32(5)]","4"
"[np.int32(2), np.int32(5)]","4"
"[np.int32(2), np.int32(5)]","4"
"[np.int32(2), np.int32(5)]","1"
"[np.int32(3), np.int32(5)]","1"
"[np.int32(4), np.int32(5)]","1"
"[np.int32(4), np.int32(1)]","3"
"[np.int32(4), np.int32(2)]","1"
"[np.int32(7), np.int32(3)]","3"
"[np.int32(7), np.int32(4)]","0"
"[np.int32(6), np.int32(4)]","0"
"[np.int32(5), np.int32(4)]","3"
"[np.int32(1), np.int32(2)]","4"
"[np.int32(1), np.int32(2)]","4"
"[np.int32(1), np.int32(2)]","4"
"[np.int32(1), np.int32(2)]","0"
"[0, np.int32(2)]","4"
"[0, np.int32(2)]","4"
"[0, np.int32(2)]","4"
"[0, np.int32(2)]","4"
"[0, np.int32(2)]","4"
"[0, np.int32(2)]","4"
"[0, np.int32(2)]","2"
"[0, np.int32(1)]","0"
"[0, np.int32(1)]","0"
"[0, np.int32(1)]","1"
"[1, np.int32(1)]","1"
"[2, np.int32(1)]","1"
"[3, np.int32(1)]","4"
"[3, np.int32(1)]","3"
"[3, np.int32(2)]","4"
"[3, np.int32(2)]","1"
"[4, np.int32(2)]","1"
"[5, np.int32(2)]","3"
"[5, np.int32(3)]","1"
"[6, np.int32(3)]","3"
"[6, np.int32(4)]","0"
"[5, np.int32(4)]","3"
"[np.int32(9), np.int32(5)]","0"
"[np.int32(8), np.int32(5)]","4"
"[np.int32(8), np.int32(5)]","4"
"[np.int32(8), np.int32(5)]","4"
"[np.int32(8), np.int32(5)]","4"
"[np.int32(8), np.int32(5)]","4"
"[np.int32(8), np.int32(5)]","4"
"[np.int32(8), np.int32(5)]","4"
"[np.int32(8), np.int32(5)]","4"
"[np.int32(8), np.int32(5)]","4"
"[np.int32(8), np.int32(5)]","4"
"[np.int32(8), np.int32(5)]","4"
"[np.int32(8), np.int32(5)]","4"
"[np.int32(8), np.int32(5)]","4"
"[np.int32(8), np.int32(5)]","4"
"[np.int32(8), np.int32(5)]","4"
"[np.int32(8), np.int32(5)]","4"
"[np.int32(8), np.int32(5)]","4"
"[np.int32(8), np.int32(5)]","4"
"[np.int32(8), np.int32(5)]","1"
"[9, np.int32(5)]","4"
"[9, np.int32(5)]","4"
"[9, np.int32(5)]","4"
"[9, np.int32(5)]","0"
"[8, np.int32(5)]","1"
"[9, np.int32(5)]","4"
"[9, np.int32(5)]","4"
"[9, np.int32(5)]","4"
"[9, np.int32(5)]","4"
"[9, np.int32(5)]","4"
"[9, np.int32(5)]","4"
"[9, np.int32(5)]","4"
"[9, np.int32(5)]","4"
"[9, np.int32(5)]","4"
"[9, np.int32(5)]","4"
"[9, np.int32(5)]","4"
"[9, np.int32(5)]","4"
"[9, np.int32(5)]","4"
"[9, np.int32(5)]","4"
"[9, np.int32(5)]","4"
"[9, np.int32(5)]","4"
"[9, np.int32(5)]","4"
"[9, np.int32(5)]","4"
"[9, np.int32(5)]","4"
"[9, np.int32(5)]","4"
"[9, np.int32(5)]","4"
"[9, np.int32(5)]","4"
"[9, np.int32(5)]","4"
"[9, np.int32(5)]","4"
"[9, np.int32(5)]","4"
"[9, np.int32(5)]","4"
"[9, np.int32(5)]","4"
"[9, np.int32(5)]","4"
"[9, np.int32(5)]","4"
"[9, np.int32(5)]","4"
"[9, np.int32(5)]","4"
"[9, np.int32(5)]","4"
"[9, np.int32(5)]","4"
"[9, np.int32(5)]","4"
"[9, np.int32(5)]","4"
"[9, np.int32(5)]","4"
"[9, np.int32(5)]","4"
"[9, np.int32(5)]","4"
"[9, np.int32(5)]","0"
"[8, np.int32(5)]","4"
"[8, np.int32(5)]","4"
"[8, np.int32(5)]","4"
"[8, np.int32(5)]","4"
"[8, np.int32(5)]","0"
"[7, np.int32(5)]","2"
"[7, np.int32(4)]","0"
"[6, np.int32(4)]","0"
"[5, np.int32(4)]","3"
"[np.int32(5), np.int32(3)]","1"
"[np.int32(6), np.int32(3)]","3"
"[np.int32(6), np.int32(4)]","0"
"[np.int32(5), np.int32(4)]","3"
"[np.int32(9), np.int32(9)]","2"
"[np.int32(9), np.int32(8)]","2"
"[np.int32(3), np.int32(9)]","4"
"[np.int32(3), np.int32(9)]","4"
"[np.int32(3), np.int32(9)]","4"
"[np.int32(3), np.int32(9)]","4"
"[np.int32(3), np.int32(9)]","4"
"[np.int32(3), np.int32(9)]","4"
"[np.int32(3), np.int32(9)]","4"
"[np.int32(3), np.int32(9)]","4"
"[np.int32(3), np.int32(9)]","4"
"[np.int32(3), np.int32(9)]","4"
"[np.int32(3), np.int32(9)]","4"
"[np.int32(3), np.int32(9)]","4"
"[np.int32(3), np.int32(9)]","4"
"[np.int32(3), np.int32(9)]","4"
"[np.int32(3), np.int32(9)]","4"
"[np.int32(3), np.int32(9)]","4"
"[np.int32(3), np.int32(9)]","4"
"[np.int32(3), np.int32(9)]","4"
"[np.int32(3), np.int32(9)]","4"
"[np.int32(3), np.int32(9)]","4"
"[np.int32(3), np.int32(9)]","4"
"[np.int32(3), np.int32(9)]","4"
"[np.int32(3), np.int32(9)]","4"
"[np.int32(3), np.int32(9)]","4"
"[np.int32(3), np.int32(9)]","3"
"[np.int32(3), 9]","3"
"[np.int32(3), 9]","4"
"[np.int32(3), 9]","4"
"[np.int32(3), 9]","4"
"[np.int32(3), 9]","4"
"[np.int32(3), 9]","4"
"[np.int32(3), 9]","4"
"[np.int32(3), 9]","3"
"[np.int32(3), 9]","4"
"[np.int32(3), 9]","4"
"[np.int32(3), 9]","4"
"[np.int32(3), 9]","4"
"[np.int32(3), 9]","2"
"[np.int32(3), np.int32(9)]","2"
"[np.int32(3), np.int32(8)]","0"
"[np.int32(2), np.int32(8)]","1"
"[np.int32(3), np.int32(8)]","0"
"[np.int32(2), np.int32(8)]","1"
"[np.int32(3), np.int32(8)]","4"
"[np.int32(3), np.int32(8)]","0"
"[np.int32(2), np.int32(8)]","1"
"[np.int32(3), np.int32(8)]","0"
"[np.int32(2), np.int32(8)]","1"
"[np.int32(3), np.int32(8)]","3"
"[np.int32(3), 9]","4"
"[np.int32(3), 9]","4"
"[np.int32(3), 9]","2"
"[np.int32(3), 8]","0"
"[np.int32(2), 8]","1"
"[np.int32(3), 8]","0"
"[np.int32(2), 8]","4"
"[np.int32(2), 8]","1"
"[np.int32(3), 8]","0"
"[np.int32(2), 8]","1"
"[np.int32(3), 8]","0"
"[np.int32(2), 8]","1"
"[np.int32(3), 8]","0"
"[np.int32(2), 8]","1"
"[np.int32(3), 8]","0"
"[np.int32(2), 8]","3"
"[np.int32(2), 9]","1"
"[np.int32(3), 9]","4"
"[np.int32(3), 9]","4"
"[np.int32(3), 9]","2"
"[np.int32(3), 8]","0"
"[np.int32(2), 8]","1"
"[np.int32(3), 8]","0"
"[np.int32(2), 8]","1"
"[np.int32(3), 8]","0"
"[np.int32(2), 8]","1"
"[np.int32(3), 8]","0"
"[np.int32(2), 8]","1"
"[np.int32(3), 8]","0"
"[np.int32(2), 8]","1"
"[np.int32(3), 8]","2"
"[np.int32(3), 7]","4"
"[np.int32(3), 7]","4"
"[np.int32(3), 7]","4"
"[np.int32(3), 7]","4"
"[np.int32(3), 7]","4"
"[np.int32(3), 7]","4"
"[np.int32(3), 7]","4"
"[np.int32(3), 7]","4"
"[np.int32(3), 7]","4"
"[np.int32(3), 7]","4"
"[np.int32(3), 7]","4"
"[np.int32(3), 7]","4"
"[np.int32(3), 7]","1"
"[np.int32(4), 7]","2"
"[np.int32(4), 6]","1"
"[np.int32(5), 6]","2"
"[np.int32(8), np.int32(9)]","4"
"[np.int32(8), np.int32(9)]","4"
"[np.int32(8), np.int32(9)]","4"
"[np.int32(8), np.int32(9)]","4"
"[np.int32(8), np.int32(9)]","4"
"[np.int32(8), np.int32(9)]","4"
"[np.int32(8), np.int32(9)]","4"
"[np.int32(8), np.int32(9)]","4"
"[np.int32(8), np.int32(9)]","4"
"[np.int32(8), np.int32(9)]","4"
"[np.int32(8), np.int32(9)]","4"
"[np.int32(8), np.int32(9)]","4"
"[np.int32(8), np.int32(9)]","4"
"[np.int32(8), np.int32(9)]","4"
"[np.int32(8), np.int32(9)]","4"
"[np.int32(8), np.int32(9)]","4"
"[np.int32(8), np.int32(9)]","4"
"[np.int32(8), np.int32(9)]","4"
"[np.int32(8), np.int32(9)]","4"
"[np.int32(8), np.int32(9)]","2"
"[np.int32(8), np.int32(8)]","4"
"[np.int32(8), np.int32(8)]","3"
"[np.int32(8), 9]","4"
"[np.int32(8), 9]","4"
"[np.int32(8), 9]","4"
"[np.int32(8), 9]","2"
"[np.int32(8), 8]","4"
"[np.int32(8), 8]","4"
"[np.int32(8), 8]","4"
"[np.int32(8), 8]","4"
"[np.int32(8), 8]","1"
"[9, 8]","4"
"[9, 8]","4"
"[9, 8]","4"
"[9, 8]","4"
"[9, 8]","4"
"[9, 8]","4"
"[9, 8]","4"
"[9, 8]","4"
"[9, 8]","4"
"[9, 8]","4"
"[9, 8]","4"
"[9, 8]","4"
"[9, 8]","4"
"[9, 8]","4"
"[9, 8]","4"
"[9, 8]","0"
"[8, 8]","4"
"[8, 8]","4"
"[8, 8]","4"
"[8, 8]","4"
"[8, 8]","4"
"[8, 8]","1"
"[9, 8]","4"
"[9, 8]","4"
"[9, 8]","1"
"[9, 8]","4"
"[9, 8]","4"
"[9, 8]","4"
"[9, 8]","4"
"[9, 8]","2"
"[9, 7]","4"
"[9, 7]","1"
"[9, 7]","4"
"[9, 7]","4"
"[9, 7]","4"
"[9, 7]","0"
"[8, 7]","3"
"[8, 8]","4"
"[8, 8]","4"
"[8, 8]","4"
"[8, 8]","3"
"[8, 9]","4"
"[8, 9]","4"
"[8, 9]","3"
"[8, 9]","4"
"[8, 9]","4"
"[8, 9]","0"
"[7, 9]","0"
"[6, 9]","3"
"[6, 9]","3"
"[6, 9]","3"
"[6, 9]","3"
"[6, 9]","3"
"[6, 9]","3"
"[6, 9]","3"
"[6, 9]","3"
"[6, 9]","3"
"[6, 9]","3"
"[6, 9]","3"
"[6, 9]","4"
"[6, 9]","1"
"[7, 9]","0"
"[6, 9]","3"
"[6, 9]","3"
"[6, 9]","3"
"[6, 9]","3"
"[6, 9]","3"
"[6, 9]","3"
"[6, 9]","3"
"[6, 9]","1"
"[7, 9]","0"
"[6, 9]","4"
"[6, 9]","3"
"[6, 9]","3"
"[6, 9]","3"
"[6, 9]","3"
"[6, 9]","4"
"[6, 9]","3"
"[6, 9]","4"
"[6, 9]","3"
"[6, 9]","3"
"[6, 9]","3"
"[6, 9]","1"
"[7, 9]","1"
"[8, 9]","1"
"[9, 9]","2"
"[9, 8]","4"
"[9, 8]","4"
"[9, 8]","4"
"[9, 8]","4"
"[9, 8]","4"
"[9, 8]","4"
"[9, 8]","2"
"[9, 7]","4"
"[9, 7]","4"
"[9, 7]","3"
"[9, 8]","4"
"[9, 8]","4"
"[9, 8]","4"
"[9, 8]","4"
"[9, 8]","4"
"[9, 8]","4"
"[9, 8]","4"
"[9, 8]","4"
"[9, 8]","4"
"[9, 8]","4"
"[9, 8]","4"
"[9, 8]","4"
"[9, 8]","4"
"[9, 8]","4"
"[9, 8]","1"
"[9, 8]","4"
"[9, 8]","4"
"[9, 8]","4"
"[9, 8]","4"
"[9, 8]","4"
"[9, 8]","4"
"[9, 8]","4"
"[9, 8]","4"
"[9, 8]","4"
"[9, 8]","4"
"[9, 8]","4"
"[9, 8]","4"
"[9, 8]","1"
"[9, 8]","4"
"[9, 8]","4"
"[9, 8]","4"
"[9, 8]","4"
"[9, 8]","4"
"[9, 8]","4"
"[9, 8]","0"
"[8, 8]","4"
"[8, 8]","4"
"[8, 8]","3"
"[8, 9]","4"
"[8, 9]","4"
"[8, 9]","0"
"[7, 9]","0"
"[6, 9]","2"
"[6, 8]","1"
"[7, 8]","2"
"[7, 7]","2"
"[7, 6]","0"
"[6, 6]","0"
"[5, 6]","2"
"[np.int32(3), np.int32(3)]","4"
"[np.int32(3), np.int32(3)]","4"
"[np.int32(3), np.int32(3)]","4"
"[np.int32(3), np.int32(3)]","4"
"[np.int32(3), np.int32(3)]","4"
"[np.int32(3), np.int32(3)]","4"
"[np.int32(3), np.int32(3)]","4"
"[np.int32(3), np.int32(3)]","4"
"[np.int32(3), np.int32(3)]","4"
"[np.int32(3), np.int32(3)]","4"
"[np.int32(3), np.int32(3)]","4"
"[np.int32(3), np.int32(3)]","4"
"[np.int32(3), np.int32(3)]","4"
"[np.int32(3), np.int32(3)]","4"
"[np.int32(3), np.int32(3)]","4"
"[np.int32(3), np.int32(3)]","4"
"[np.int32(3), np.int32(3)]","4"
"[np.int32(3), np.int32(3)]","0"
"[np.int32(1), np.int32(4)]","4"
"[np.int32(1), np.int32(4)]","4"
"[np.int32(1), np.int32(4)]","4"
"[np.int32(1), np.int32(4)]","4"
"[np.int32(1), np.int32(4)]","4"
"[np.int32(1), np.int32(4)]","2"
"[np.int32(1), np.int32(3)]","4"
"[np.int32(1), np.int32(3)]","4"
"[np.int32(1), np.int32(3)]","4"
"[np.int32(1), np.int32(3)]","4"
"[np.int32(1), np.int32(3)]","0"
"[0, np.int32(3)]","0"
"[0, np.int32(3)]","0"
"[0, np.int32(3)]","0"
"[0, np.int32(3)]","0"
"[0, np.int32(3)]","0"
"[0, np.int32(3)]","0"
"[0, np.int32(3)]","0"
"[0, np.int32(3)]","0"
"[0, np.int32(3)]","0"
"[0, np.int32(3)]","0"
"[0, np.int32(3)]","0"
"[0, np.int32(3)]","2"
"[0, np.int32(2)]","4"
"[0, np.int32(2)]","4"
"[0, np.int32(2)]","4"
"[0, np.int32(2)]","4"
"[0, np.int32(2)]","1"
"[1, np.int32(2)]","4"
"[1, np.int32(2)]","4"
"[1, np.int32(2)]","4"
"[1, np.int32(2)]","4"
"[1, np.int32(2)]","4"
"[1, np.int32(2)]","3"
"[1, np.int32(3)]","4"
"[1, np.int32(3)]","1"
"[2, np.int32(3)]","4"
"[2, np.int32(3)]","4"
"[2, np.int32(3)]","4"
"[2, np.int32(3)]","4"
"[2, np.int32(3)]","4"
"[2, np.int32(3)]","2"
"[2, np.int32(2)]","2"
"[2, np.int32(1)]","3"
"[2, np.int32(2)]","0"
"[1, np.int32(2)]","4"
"[1, np.int32(2)]","4"
"[1, np.int32(2)]","4"
"[1, np.int32(2)]","4"
"[1, np.int32(2)]","4"
"[1, np.int32(2)]","0"
"[0, np.int32(2)]","4"
"[0, np.int32(2)]","4"
"[0, np.int32(2)]","1"
"[1, np.int32(2)]","3"
"[1, np.int32(3)]","4"
"[1, np.int32(3)]","4"
"[1, np.int32(3)]","4"
"[1, np.int32(3)]","4"
"[1, np.int32(3)]","4"
"[1, np.int32(3)]","4"
"[1, np.int32(3)]","4"
"[1, np.int32(3)]","4"
"[1, np.int32(3)]","4"
"[1, np.int32(3)]","4"
"[1, np.int32(3)]","4"
"[1, np.int32(3)]","4"
"[1, np.int32(3)]","4"
"[1, np.int32(3)]","4"
"[1, np.int32(3)]","4"
"[1, np.int32(3)]","4"
"[1, np.int32(3)]","4"
"[1, np.int32(3)]","2"
"[1, np.int32(2)]","0"
"[0, np.int32(2)]","4"
"[0, np.int32(2)]","4"
"[0, np.int32(2)]","4"
"[0, np.int32(2)]","2"
"[0, np.int32(1)]","0"
"[0, np.int32(1)]","0"
"[0, np.int32(1)]","0"
"[0, np.int32(1)]","0"
"[0, np.int32(1)]","3"
"[0, np.int32(2)]","4"
"[0, np.int32(2)]","4"
"[0, np.int32(2)]","4"
"[0, np.int32(2)]","4"
"[0, np.int32(2)]","4"
"[0, np.int32(2)]","4"
"[0, np.int32(2)]","4"
"[0, np.int32(2)]","0"
"[0, np.int32(2)]","4"
"[0, np.int32(2)]","2"
"[0, np.int32(1)]","0"
"[0, np.int32(1)]","0"
"[0, np.int32(1)]","0"
"[0, np.int32(1)]","0"
"[0, np.int32(1)]","0"
"[0, np.int32(1)]","2"
"[np.int32(3), np.int32(2)]","0"
"[np.int32(2), np.int32(2)]","1"
"[np.int32(3), np.int32(2)]","4"
"[np.int32(3), np.int32(2)]","4"
"[np.int32(3), np.int32(2)]","4"
"[np.int32(3), np.int32(2)]","4"
"[np.int32(3), np.int32(2)]","0"
"[np.int32(2), np.int32(2)]","2"
"[np.int32(2), np.int32(1)]","4"
"[np.int32(2), np.int32(1)]","4"
"[np.int32(2), np.int32(1)]","4"
"[np.int32(2), np.int32(1)]","4"
"[np.int32(2), np.int32(1)]","4"
"[np.int32(2), np.int32(1)]","4"
"[np.int32(2), np.int32(1)]","4"
"[np.int32(2), np.int32(1)]","4"
"[np.int32(2), np.int32(1)]","4"
"[np.int32(2), np.int32(1)]","4"
"[np.int32(2), np.int32(1)]","4"
"[np.int32(2), np.int32(1)]","3"
"[np.int32(2), np.int32(2)]","4"
"[np.int32(2), np.int32(2)]","0"
"[np.int32(1), np.int32(2)]","4"
"[np.int32(1), np.int32(2)]","4"
"[np.int32(1), np.int32(2)]","4"
"[np.int32(1), np.int32(2)]","4"
"[np.int32(1), np.int32(2)]","4"
"[np.int32(1), np.int32(2)]","1"
"[np.int32(2), np.int32(2)]","0"
"[np.int32(1), np.int32(2)]","4"
"[np.int32(1), np.int32(2)]","4"
"[np.int32(1), np.int32(2)]","4"
"[np.int32(1), np.int32(2)]","4"
"[np.int32(1), np.int32(2)]","4"
"[np.int32(1), np.int32(2)]","1"
"[np.int32(2), np.int32(2)]","3"
"[np.int32(1), np.int32(9)]","3"
"[np.int32(1), 9]","4"
"[np.int32(1), 9]","4"
"[np.int32(1), 9]","2"
"[np.int32(3), np.int32(3)]","2"
"[np.int32(3), np.int32(2)]","4"
"[np.int32(3), np.int32(2)]","4"
"[np.int32(3), np.int32(2)]","4"
"[np.int32(3), np.int32(2)]","0"
"[np.int32(2), np.int32(2)]","0"
"[np.int32(1), np.int32(2)]","4"
"[np.int32(1), np.int32(2)]","4"
"[np.int32(1), np.int32(2)]","4"
"[np.int32(1), np.int32(2)]","4"
"[np.int32(1), np.int32(2)]","4"
"[np.int32(1), np.int32(2)]","4"
"[np.int32(1), np.int32(2)]","4"
"[np.int32(1), np.int32(2)]","4"
"[np.int32(1), np.int32(2)]","4"
"[np.int32(1), np.int32(2)]","4"
"[np.int32(1), np.int32(2)]","3"
"[np.int32(1), np.int32(3)]","4"
"[np.int32(1), np.int32(3)]","4"
"[np.int32(1), np.int32(3)]","4"
"[np.int32(1), np.int32(3)]","4"
"[np.int32(1), np.int32(3)]","0"
"[0, np.int32(3)]","0"
"[0, np.int32(3)]","0"
"[0, np.int32(3)]","0"
"[0, np.int32(3)]","0"
"[0, np.int32(3)]","0"
"[0, np.int32(3)]","0"
"[0, np.int32(3)]","0"
"[0, np.int32(3)]","0"
"[0, np.int32(3)]","0"
"[0, np.int32(3)]","0"
"[0, np.int32(3)]","0"
"[0, np.int32(3)]","0"
"[0, np.int32(3)]","0"
"[0, np.int32(3)]","0"
"[0, np.int32(3)]","0"
"[0, np.int32(3)]","4"
"[0, np.int32(3)]","4"
"[0, np.int32(3)]","0"
"[0, np.int32(3)]","0"
"[0, np.int32(3)]","0"
"[0, np.int32(3)]","4"
"[0, np.int32(3)]","0"
"[0, np.int32(3)]","0"
"[0, np.int32(3)]","0"
"[0, np.int32(3)]","0"
"[0, np.int32(3)]","0"
"[0, np.int32(3)]","0"
"[0, np.int32(3)]","0"
"[0, np.int32(3)]","0"
"[0, np.int32(3)]","0"
"[0, np.int32(3)]","0"
"[0, np.int32(3)]","0"
"[0, np.int32(3)]","0"
"[0, np.int32(3)]","0"
"[0, np.int32(3)]","0"
"[0, np.int32(3)]","2"
"[0, np.int32(2)]","4"
"[0, np.int32(2)]","4"
"[0, np.int32(2)]","4"
"[0, np.int32(2)]","4"
"[0, np.int32(2)]","4"
"[0, np.int32(2)]","4"
"[0, np.int32(2)]","4"
"[0, np.int32(2)]","4"
"[0, np.int32(2)]","4"
"[0, np.int32(2)]","4"
"[0, np.int32(2)]","4"
"[0, np.int32(2)]","4"
"[0, np.int32(2)]","4"
"[0, np.int32(2)]","4"
"[0, np.int32(2)]","4"
"[0, np.int32(2)]","4"
"[0, np.int32(2)]","4"
"[0, np.int32(2)]","4"
"[0, np.int32(2)]","4"
"[0, np.int32(2)]","4"
"[0, np.int32(2)]","4"
"[0, np.int32(2)]","4"
"[0, np.int32(2)]","4"
"[0, np.int32(2)]","4"
"[0, np.int32(2)]","4"
"[0, np.int32(2)]","4"
"[0, np.int32(2)]","4"
"[0, np.int32(2)]","4"
"[0, np.int32(2)]","4"
"[0, np.int32(2)]","4"
"[0, np.int32(2)]","0"
"[0, np.int32(2)]","4"
"[0, np.int32(2)]","4"
"[0, np.int32(2)]","4"
"[0, np.int32(2)]","4"
"[0, np.int32(2)]","4"
"[0, np.int32(2)]","4"
"[0, np.int32(2)]","4"
"[0, np.int32(2)]","4"
"[0, np.int32(2)]","2"
"[0, np.int32(1)]","0"
"[0, np.int32(1)]","0"
"[0, np.int32(1)]","0"
"[0, np.int32(1)]","0"
"[0, np.int32(1)]","0"
"[0, np.int32(1)]","0"
"[0, np.int32(1)]","0"
"[0, np.int32(1)]","0"
"[0, np.int32(1)]","0"
"[0, np.int32(1)]","0"
"[0, np.int32(1)]","0"
"[0, np.int32(1)]","0"
"[0, np.int32(1)]","0"
"[0, np.int32(1)]","0"
"[0, np.int32(1)]","0"
"[0, np.int32(1)]","0"
"[0, np.int32(1)]","3"
"[0, np.int32(2)]","4"
"[0, np.int32(2)]","4"
"[0, np.int32(2)]","4"
"[0, np.int32(2)]","4"
"[0, np.int32(2)]","0"
"[0, np.int32(2)]","4"
"[0, np.int32(2)]","4"
"[0, np.int32(2)]","4"
"[0, np.int32(2)]","4"
"[0, np.int32(2)]","4"
"[0, np.int32(2)]","4"
"[0, np.int32(2)]","4"
"[0, np.int32(2)]","4"
"[0, np.int32(2)]","4"
"[0, np.int32(2)]","4"
"[0, np.int32(2)]","1"
"[1, np.int32(2)]","4"
"[1, np.int32(2)]","4"
"[1, np.int32(2)]","4"
"[1, np.int32(2)]","4"
"[1, np.int32(2)]","4"
"[1, np.int32(2)]","4"
"[1, np.int32(2)]","4"
"[1, np.int32(2)]","4"
"[1, np.int32(2)]","4"
"[1, np.int32(2)]","4"
"[1, np.int32(2)]","4"
"[1, np.int32(2)]","4"
"[1, np.int32(2)]","4"
"[1, np.int32(2)]","4"
"[1, np.int32(2)]","4"
"[1, np.int32(2)]","4"
"[1, np.int32(2)]","4"
"[1, np.int32(2)]","4"
"[1, np.int32(2)]","3"
"[1, np.int32(3)]","4"
"[1, np.int32(3)]","4"
"[1, np.int32(3)]","4"
"[1, np.int32(3)]","4"
"[1, np.int32(3)]","4"
"[1, np.int32(3)]","4"
"[1, np.int32(3)]","0"
"[0, np.int32(3)]","0"
"[0, np.int32(3)]","0"
"[0, np.int32(3)]","0"
"[0, np.int32(3)]","0"
"[0, np.int32(3)]","1"
"[1, np.int32(3)]","4"
"[1, np.int32(3)]","4"
"[1, np.int32(3)]","4"
"[1, np.int32(3)]","2"
"[1, np.int32(2)]","4"
"[1, np.int32(2)]","4"
"[1, np.int32(2)]","1"
"[2, np.int32(2)]","0"
"[1, np.int32(2)]","2"
"[1, np.int32(1)]","0"
"[0, np.int32(1)]","0"
"[0, np.int32(1)]","0"
"[0, np.int32(1)]","3"
"[0, np.int32(2)]","4"
"[0, np.int32(2)]","4"
"[0, np.int32(2)]","2"
"[0, np.int32(1)]","2"
"[0, 0]","2"
"[0, 0]","0"
"[0, 0]","0"
"[0, 0]","0"
"[0, 0]","2"
"[0, 0]","0"
"[0, 0]","0"
"[0, 0]","0"
"[0, 0]","0"
"[0, 0]","0"
"[0, 0]","0"
"[0, 0]","0"
"[0, 0]","0"
"[0, 0]","0"
"[0, 0]","0"
"[0, 0]","0"
"[0, 0]","0"
"[0, 0]","2"
"[0, 0]","0"
"[0, 0]","4"
"[0, 0]","0"
"[0, 0]","0"
"[0, 0]","0"
"[0, 0]","0"
"[0, 0]","0"
"[0, 0]","4"
"[0, 0]","3"
"[0, 1]","2"
"[0, 0]","3"
"[0, 1]","0"
"[0, 1]","0"
"[0, 1]","0"
"[0, 1]","0"
"[0, 1]","0"
"[0, 1]","0"
"[0, 1]","0"
"[0, 1]","0"
"[0, 1]","0"
"[0, 1]","0"
"[0, 1]","1"
"[1, 1]","1"
"[2, 1]","1"
"[3, 1]","4"
"[3, 1]","4"
"[3, 1]","4"
"[3, 1]","4"
"[3, 1]","4"
"[3, 1]","4"
"[3, 1]","4"
"[3, 1]","4"
"[3, 1]","4"
"[3, 1]","4"
"[3, 1]","4"
"[3, 1]","4"
"[3, 1]","0"
"[2, 1]","4"
"[2, 1]","4"
"[2, 1]","1"
"[3, 1]","4"
"[3, 1]","3"
"[3, 2]","4"
"[3, 2]","4"
"[3, 2]","4"
"[3, 2]","4"
"[3, 2]","4"
"[3, 2]","0"
"[2, 2]","0"
"[1, 2]","4"
"[1, 2]","4"
"[1, 2]","0"
"[0, 2]","3"
"[0, 3]","1"
"[1, 3]","4"
"[1, 3]","3"
"[1, 4]","4"
"[1, 4]","4"
"[1, 4]","4"
"[1, 4]","4"
"[1, 4]","4"
"[1, 4]","4"
"[1, 4]","4"
"[1, 4]","4"
"[1, 4]","4"
"[1, 4]","4"
"[1, 4]","0"
"[0, 4]","1"
"[1, 4]","4"
"[1, 4]","4"
"[1, 4]","4"
"[1, 4]","4"
"[1, 4]","0"
"[0, 4]","4"
"[0, 4]","4"
"[0, 4]","0"
"[0, 4]","4"
"[0, 4]","4"
"[0, 4]","4"
"[0, 4]","4"
"[0, 4]","4"
"[0, 4]","4"
"[0, 4]","4"
"[0, 4]","4"
"[0, 4]","0"
"[0, 4]","4"
"[0, 4]","4"
"[0, 4]","4"
"[0, 4]","2"
"[0, 3]","0"
"[0, 3]","0"
"[0, 3]","2"
"[0, 2]","4"
"[0, 2]","4"
"[0, 2]","4"
"[0, 2]","3"
"[0, 3]","0"
"[0, 3]","3"
"[0, 4]","1"
"[1, 4]","4"
"[1, 4]","4"
"[1, 4]","4"
"[1, 4]","4"
"[1, 4]","0"
"[0, 4]","4"
"[0, 4]","4"
"[0, 4]","4"
"[0, 4]","4"
"[0, 4]","4"
"[0, 4]","4"
"[0, 4]","4"
"[0, 4]","3"
"[0, 5]","3"
"[np.int32(1), np.int32(7)]","1"
"[np.int32(2), np.int32(7)]","4"
"[np.int32(2), np.int32(7)]","0"
"[np.int32(1), np.int32(7)]","4"
"[np.int32(1), np.int32(7)]","4"
"[np.int32(1), np.int32(7)]","4"
"[np.int32(1), np.int32(7)]","4"
"[np.int32(1), np.int32(7)]","0"
"[0, np.int32(7)]","0"
"[0, np.int32(7)]","0"
"[0, np.int32(7)]","0"
"[0, np.int32(7)]","0"
"[0, np.int32(7)]","0"
"[0, np.int32(7)]","0"
"[0, np.int32(7)]","0"
"[0, np.int32(7)]","0"
"[0, np.int32(7)]","0"
"[0, np.int32(7)]","0"
"[0, np.int32(7)]","0"
"[0, np.int32(7)]","0"
"[0, np.int32(7)]","0"
"[0, np.int32(7)]","0"
"[0, np.int32(7)]","0"
"[0, np.int32(7)]","0"
"[0, np.int32(7)]","4"
"[0, np.int32(7)]","0"
"[0, np.int32(7)]","0"
"[0, np.int32(7)]","0"
"[0, np.int32(7)]","0"
"[0, np.int32(7)]","0"
"[0, np.int32(7)]","1"
"[1, np.int32(7)]","4"
"[1, np.int32(7)]","4"
"[1, np.int32(7)]","4"
"[1, np.int32(7)]","4"
"[1, np.int32(7)]","4"
"[1, np.int32(7)]","4"
"[1, np.int32(7)]","4"
"[1, np.int32(7)]","4"
"[1, np.int32(7)]","3"
"[1, np.int32(8)]","2"
"[1, np.int32(7)]","4"
"[1, np.int32(7)]","4"
"[1, np.int32(7)]","1"
"[2, np.int32(7)]","4"
"[2, np.int32(7)]","4"
"[2, np.int32(7)]","4"
"[2, np.int32(7)]","4"
"[2, np.int32(7)]","4"
"[2, np.int32(7)]","0"
"[1, np.int32(7)]","4"
"[1, np.int32(7)]","4"
"[1, np.int32(7)]","4"
"[1, np.int32(7)]","4"
"[1, np.int32(7)]","4"
"[1, np.int32(7)]","4"
"[1, np.int32(7)]","4"
"[1, np.int32(7)]","3"
"[1, np.int32(8)]","2"
"[1, np.int32(7)]","2"
"[1, np.int32(6)]","2"
"[np.int32(0), np.int32(5)]","3"
"[np.int32(0), np.int32(6)]","2"
"[np.int32(0), np.int32(5)]","3"
"[np.int32(0), np.int32(6)]","2"
"[np.int32(0), np.int32(5)]","3"
"[np.int32(0), np.int32(6)]","2"
"[np.int32(0), np.int32(5)]","4"
"[np.int32(0), np.int32(5)]","3"
"[np.int32(0), np.int32(6)]","2"
"[np.int32(0), np.int32(5)]","3"
"[np.int32(0), np.int32(6)]","2"
"[np.int32(0), np.int32(5)]","3"
"[np.int32(0), np.int32(6)]","2"
"[np.int32(0), np.int32(5)]","3"
"[np.int32(0), np.int32(6)]","2"
"[np.int32(0), np.int32(5)]","3"
"[np.int32(0), np.int32(6)]","2"
"[np.int32(0), np.int32(5)]","3"
"[np.int32(0), np.int32(6)]","2"
"[np.int32(0), np.int32(5)]","3"
"[np.int32(0), np.int32(6)]","2"
"[np.int32(0), np.int32(5)]","3"
"[np.int32(0), np.int32(6)]","1"
"[np.int32(1), np.int32(6)]","4"
"[np.int32(1), np.int32(6)]","4"
"[np.int32(1), np.int32(6)]","4"
"[np.int32(1), np.int32(6)]","4"
"[np.int32(1), np.int32(6)]","4"
"[np.int32(1), np.int32(6)]","4"
"[np.int32(1), np.int32(6)]","4"
"[np.int32(1), np.int32(6)]","4"
"[np.int32(1), np.int32(6)]","4"
"[np.int32(1), np.int32(6)]","4"
"[np.int32(1), np.int32(6)]","4"
"[np.int32(1), np.int32(6)]","0"
"[0, np.int32(6)]","2"
"[0, np.int32(5)]","3"
"[0, np.int32(6)]","2"
"[0, np.int32(5)]","3"
"[0, np.int32(6)]","2"
"[0, np.int32(5)]","3"
"[0, np.int32(6)]","3"
"[0, np.int32(7)]","0"
"[0, np.int32(7)]","4"
"[0, np.int32(7)]","0"
"[0, np.int32(7)]","0"
"[0, np.int32(7)]","0"
"[0, np.int32(7)]","0"
"[0, np.int32(7)]","2"
"[0, np.int32(6)]","2"
"[0, np.int32(5)]","3"
"[0, np.int32(6)]","2"
"[0, np.int32(5)]","4"
"[0, np.int32(5)]","1"
"[1, np.int32(5)]","1"
"[2, np.int32(5)]","4"
"[2, np.int32(5)]","4"
"[2, np.int32(5)]","4"
"[2, np.int32(5)]","4"
"[2, np.int32(5)]","4"
"[2, np.int32(5)]","4"
"[2, np.int32(5)]","4"
"[2, np.int32(5)]","4"
"[2, np.int32(5)]","4"
"[2, np.int32(5)]","4"
"[2, np.int32(5)]","2"
"[2, np.int32(4)]","2"
"[2, np.int32(3)]","4"
"[2, np.int32(3)]","4"
"[2, np.int32(3)]","4"
"[2, np.int32(3)]","4"
"[2, np.int32(3)]","4"
"[2, np.int32(3)]","4"
"[2, np.int32(3)]","4"
"[2, np.int32(3)]","2"
"[2, np.int32(2)]","0"
"[1, np.int32(2)]","4"
"[1, np.int32(2)]","4"
"[1, np.int32(2)]","4"
"[1, np.int32(2)]","4"
"[1, np.int32(2)]","4"
"[1, np.int32(2)]","4"
"[1, np.int32(2)]","4"
"[1, np.int32(2)]","4"
"[1, np.int32(2)]","4"
"[1, np.int32(2)]","4"
"[1, np.int32(2)]","3"
"[1, np.int32(3)]","2"
"[1, np.int32(2)]","4"
"[1, np.int32(2)]","0"
"[0, np.int32(2)]","4"
"[0, np.int32(2)]","4"
"[0, np.int32(2)]","4"
"[0, np.int32(2)]","1"
"[1, np.int32(2)]","4"
"[1, np.int32(2)]","0"
"[0, np.int32(2)]","4"
"[0, np.int32(2)]","4"
"[0, np.int32(2)]","4"
"[0, np.int32(2)]","4"
"[0, np.int32(2)]","3"
"[0, np.int32(3)]","0"
"[0, np.int32(3)]","0"
"[0, np.int32(3)]","0"
"[0, np.int32(3)]","0"
"[0, np.int32(3)]","0"
"[0, np.int32(3)]","0"
"[0, np.int32(3)]","0"
"[0, np.int32(3)]","0"
"[0, np.int32(3)]","0"
"[0, np.int32(3)]","0"
"[0, np.int32(3)]","3"
"[0, np.int32(4)]","0"
"[0, np.int32(4)]","3"
"[0, np.int32(5)]","3"
"[0, np.int32(6)]","2"
"[0, np.int32(5)]","3"
"[0, np.int32(6)]","2"
"[0, np.int32(5)]","3"
"[0, np.int32(6)]","2"
"[0, np.int32(5)]","3"
"[0, np.int32(6)]","2"
"[0, np.int32(5)]","3"
"[0, np.int32(6)]","2"
"[0, np.int32(5)]","2"
"[0, np.int32(4)]","4"
"[0, np.int32(4)]","4"
"[0, np.int32(4)]","4"
"[0, np.int32(4)]","4"
"[0, np.int32(4)]","4"
"[0, np.int32(4)]","4"
"[0, np.int32(4)]","4"
"[0, np.int32(4)]","4"
"[0, np.int32(4)]","4"
"[0, np.int32(4)]","4"
"[0, np.int32(4)]","4"
"[0, np.int32(4)]","4"
"[0, np.int32(4)]","4"
"[0, np.int32(4)]","4"
"[0, np.int32(4)]","4"
"[0, np.int32(4)]","4"
"[0, np.int32(4)]","4"
"[0, np.int32(4)]","3"
"[0, np.int32(5)]","3"
"[0, np.int32(6)]","2"
"[0, np.int32(5)]","3"
"[0, np.int32(6)]","2"
"[0, np.int32(5)]","3"
"[0, np.int32(6)]","2"
"[0, np.int32(5)]","3"
"[0, np.int32(6)]","2"
"[0, np.int32(5)]","3"
"[0, np.int32(6)]","2"
"[0, np.int32(5)]","3"
"[0, np.int32(6)]","2"
"[0, np.int32(5)]","3"
"[0, np.int32(6)]","2"
"[0, np.int32(5)]","3"
"[0, np.int32(6)]","2"
"[0, np.int32(5)]","3"
"[0, np.int32(6)]","2"
"[0, np.int32(5)]","3"
"[0, np.int32(6)]","2"
"[0, np.int32(5)]","3"
"[0, np.int32(6)]","2"
"[0, np.int32(5)]","4"
"[0, np.int32(5)]","3"
"[0, np.int32(6)]","2"
"[0, np.int32(5)]","3"
"[0, np.int32(6)]","2"
"[0, np.int32(5)]","3"
"[0, np.int32(6)]","2"
"[0, np.int32(5)]","4"
"[0, np.int32(5)]","1"
"[1, np.int32(5)]","1"
"[2, np.int32(5)]","4"
"[2, np.int32(5)]","1"
"[3, np.int32(5)]","4"
"[3, np.int32(5)]","1"
"[4, np.int32(5)]","1"
"[np.int32(8), np.int32(4)]","0"
"[np.int32(7), np.int32(4)]","0"
"[np.int32(6), np.int32(4)]","0"
"[np.int32(8), np.int32(5)]","4"
"[np.int32(8), np.int32(5)]","4"
"[np.int32(8), np.int32(5)]","0"
"[np.int32(0), np.int32(6)]","2"
"[np.int32(0), np.int32(5)]","3"
"[np.int32(0), np.int32(6)]","2"
"[np.int32(0), np.int32(5)]","3"
"[np.int32(0), np.int32(6)]","2"
"[np.int32(0), np.int32(5)]","3"
"[np.int32(0), np.int32(6)]","2"
"[np.int32(0), np.int32(5)]","3"
"[np.int32(0), np.int32(6)]","2"
"[np.int32(0), np.int32(5)]","3"
"[np.int32(0), np.int32(6)]","4"
"[np.int32(0), np.int32(6)]","2"
"[np.int32(0), np.int32(5)]","3"
"[np.int32(0), np.int32(6)]","2"
"[np.int32(0), np.int32(5)]","0"
"[0, np.int32(5)]","2"
"[0, np.int32(4)]","1"
"[1, np.int32(4)]","4"
"[1, np.int32(4)]","4"
"[1, np.int32(4)]","4"
"[1, np.int32(4)]","4"
"[1, np.int32(4)]","4"
"[1, np.int32(4)]","4"
"[1, np.int32(4)]","4"
"[1, np.int32(4)]","4"
"[1, np.int32(4)]","4"
"[1, np.int32(4)]","4"
"[1, np.int32(4)]","4"
"[1, np.int32(4)]","4"
"[1, np.int32(4)]","4"
"[1, np.int32(4)]","4"
"[1, np.int32(4)]","0"
"[0, np.int32(4)]","0"
"[0, np.int32(4)]","4"
"[0, np.int32(4)]","4"
"[0, np.int32(4)]","4"
"[0, np.int32(4)]","1"
"[1, np.int32(4)]","4"
"[1, np.int32(4)]","4"
"[1, np.int32(4)]","4"
"[1, np.int32(4)]","4"
"[1, np.int32(4)]","4"
"[1, np.int32(4)]","4"
"[1, np.int32(4)]","4"
"[1, np.int32(4)]","3"
"[1, np.int32(5)]","1"
"[2, np.int32(5)]","4"
"[2, np.int32(5)]","4"
"[2, np.int32(5)]","4"
"[2, np.int32(5)]","4"
"[2, np.int32(5)]","4"
"[2, np.int32(5)]","1"
"[3, np.int32(5)]","1"
"[4, np.int32(5)]","1"
"[np.int32(2), np.int32(3)]","4"
"[np.int32(2), np.int32(3)]","4"
"[np.int32(2), np.int32(3)]","4"
"[np.int32(2), np.int32(3)]","4"
"[np.int32(2), np.int32(3)]","4"
"[np.int32(2), np.int32(3)]","4"
"[np.int32(2), np.int32(3)]","4"
"[np.int32(2), np.int32(3)]","4"
"[np.int32(2), np.int32(3)]","4"
"[np.int32(2), np.int32(3)]","4"
"[np.int32(2), np.int32(3)]","4"
"[np.int32(2), np.int32(3)]","4"
"[np.int32(2), np.int32(3)]","4"
"[np.int32(2), np.int32(3)]","4"
"[np.int32(2), np.int32(3)]","4"
"[np.int32(2), np.int32(3)]","4"
"[np.int32(2), np.int32(3)]","4"
"[np.int32(2), np.int32(3)]","1"
"[np.int32(3), np.int32(3)]","4"
"[np.int32(3), np.int32(3)]","4"
"[np.int32(3), np.int32(3)]","4"
"[np.int32(3), np.int32(3)]","4"
"[np.int32(3), np.int32(3)]","4"
"[np.int32(3), np.int32(3)]","4"
"[np.int32(3), np.int32(3)]","4"
"[np.int32(3), np.int32(3)]","4"
"[np.int32(3), np.int32(3)]","4"
"[np.int32(3), np.int32(3)]","1"
"[np.int32(4), np.int32(3)]","1"
"[np.int32(5), np.int32(3)]","0"
"[np.int32(4), np.int32(3)]","4"
"[np.int32(4), np.int32(3)]","4"
"[np.int32(4), np.int32(3)]","4"
"[np.int32(4), np.int32(3)]","3"
"[np.int32(4), np.int32(4)]","1"
"[np.int32(5), np.int32(4)]","3"
"[np.int32(6), np.int32(7)]","1"
"[np.int32(7), np.int32(7)]","4"
"[np.int32(7), np.int32(7)]","2"
"[np.int32(7), np.int32(6)]","0"
"[np.int32(6), np.int32(6)]","0"
"[np.int32(5), np.int32(6)]","2"
"[np.int32(5), np.int32(7)]","0"
"[np.int32(4), np.int32(7)]","2"
"[np.int32(4), np.int32(6)]","0"
"[np.int32(3), np.int32(6)]","1"
"[np.int32(4), np.int32(6)]","4"
"[np.int32(4), np.int32(6)]","4"
"[np.int32(4), np.int32(6)]","1"
"[np.int32(5), np.int32(6)]","0"
"[np.int32(4), np.int32(6)]","0"
"[np.int32(3), np.int32(6)]","1"
"[np.int32(4), np.int32(6)]","1"
"[np.int32(5), np.int32(6)]","2"
"[np.int32(2), np.int32(8)]","1"
"[np.int32(7), np.int32(1)]","4"
"[np.int32(7), np.int32(1)]","4"
"[np.int32(7), np.int32(1)]","4"
"[np.int32(7), np.int32(1)]","0"
"[np.int32(6), np.int32(1)]","4"
"[np.int32(6), np.int32(1)]","4"
"[np.int32(6), np.int32(1)]","4"
"[np.int32(6), np.int32(1)]","4"
"[np.int32(6), np.int32(1)]","4"
"[np.int32(6), np.int32(1)]","4"
"[np.int32(6), np.int32(1)]","4"
"[np.int32(6), np.int32(1)]","4"
"[np.int32(6), np.int32(1)]","4"
"[np.int32(6), np.int32(1)]","4"
"[np.int32(6), np.int32(1)]","4"
"[np.int32(6), np.int32(1)]","4"
"[np.int32(6), np.int32(1)]","4"
"[np.int32(6), np.int32(1)]","3"
"[np.int32(6), np.int32(2)]","3"
"[np.int32(6), np.int32(3)]","3"
"[np.int32(6), np.int32(4)]","0"
"[np.int32(5), np.int32(4)]","4"
"[np.int32(5), np.int32(4)]","3"
"[np.int32(0), np.int32(0)]","0"
"[0, np.int32(0)]","0"
"[0, np.int32(0)]","0"
"[0, np.int32(0)]","0"
"[0, np.int32(0)]","0"
"[0, np.int32(0)]","0"
"[0, np.int32(0)]","3"
"[0, np.int32(1)]","4"
"[0, np.int32(1)]","0"
"[0, np.int32(1)]","0"
"[0, np.int32(1)]","0"
"[0, np.int32(1)]","2"
"[0, 0]","0"
"[0, 0]","4"
"[0, 0]","0"
"[0, 0]","0"
"[0, 0]","0"
"[0, 0]","1"
"[np.int32(0), np.int32(9)]","4"
"[np.int32(0), np.int32(9)]","2"
"[np.int32(0), np.int32(8)]","0"
"[0, np.int32(8)]","2"
"[0, np.int32(7)]","0"
"[0, np.int32(7)]","0"
"[0, np.int32(7)]","0"
"[0, np.int32(7)]","0"
"[0, np.int32(7)]","0"
"[0, np.int32(7)]","0"
"[0, np.int32(7)]","0"
"[0, np.int32(7)]","0"
"[0, np.int32(7)]","0"
"[0, np.int32(7)]","0"
"[0, np.int32(7)]","2"
"[0, np.int32(6)]","4"
"[0, np.int32(6)]","2"
"[0, np.int32(5)]","3"
"[0, np.int32(6)]","2"
"[0, np.int32(5)]","0"
"[0, np.int32(5)]","3"
"[0, np.int32(6)]","2"
"[0, np.int32(5)]","3"
"[0, np.int32(6)]","2"
"[0, np.int32(5)]","3"
"[0, np.int32(6)]","2"
"[0, np.int32(5)]","3"
"[0, np.int32(6)]","4"
"[0, np.int32(6)]","2"
"[0, np.int32(5)]","3"
"[0, np.int32(6)]","2"
"[0, np.int32(5)]","3"
"[0, np.int32(6)]","2"
"[0, np.int32(5)]","3"
"[0, np.int32(6)]","2"
"[0, np.int32(5)]","3"
"[0, np.int32(6)]","2"
"[0, np.int32(5)]","3"
"[0, np.int32(6)]","2"
"[0, np.int32(5)]","3"
"[0, np.int32(6)]","2"
"[0, np.int32(5)]","3"
"[0, np.int32(6)]","2"
"[0, np.int32(5)]","3"
"[0, np.int32(6)]","2"
"[0, np.int32(5)]","3"
"[0, np.int32(6)]","2"
"[0, np.int32(5)]","0"
"[0, np.int32(5)]","1"
"[1, np.int32(5)]","1"
"[2, np.int32(5)]","4"
"[2, np.int32(5)]","4"
"[2, np.int32(5)]","4"
"[2, np.int32(5)]","4"
"[2, np.int32(5)]","4"
"[2, np.int32(5)]","2"
"[2, np.int32(4)]","4"
"[2, np.int32(4)]","4"
"[2, np.int32(4)]","4"
"[2, np.int32(4)]","4"
"[2, np.int32(4)]","4"
"[2, np.int32(4)]","4"
"[2, np.int32(4)]","4"
"[2, np.int32(4)]","4"
"[2, np.int32(4)]","4"
"[2, np.int32(4)]","4"
"[2, np.int32(4)]","2"
"[2, np.int32(3)]","4"
"[2, np.int32(3)]","4"
"[2, np.int32(3)]","4"
"[2, np.int32(3)]","4"
"[2, np.int32(3)]","4"
"[2, np.int32(3)]","4"
"[2, np.int32(3)]","4"
"[2, np.int32(3)]","4"
"[2, np.int32(3)]","4"
"[2, np.int32(3)]","4"
"[2, np.int32(3)]","4"
"[2, np.int32(3)]","4"
"[2, np.int32(3)]","4"
"[2, np.int32(3)]","4"
"[2, np.int32(3)]","4"
"[2, np.int32(3)]","4"
"[2, np.int32(3)]","4"
"[2, np.int32(3)]","4"
"[2, np.int32(3)]","4"
"[2, np.int32(3)]","2"
"[2, np.int32(2)]","0"
"[1, np.int32(2)]","4"
"[1, np.int32(2)]","4"
"[1, np.int32(2)]","4"
"[1, np.int32(2)]","4"
"[1, np.int32(2)]","4"
"[1, np.int32(2)]","4"
"[1, np.int32(2)]","4"
"[1, np.int32(2)]","4"
"[1, np.int32(2)]","4"
"[1, np.int32(2)]","4"
"[1, np.int32(2)]","4"
"[1, np.int32(2)]","4"
"[1, np.int32(2)]","0"
"[0, np.int32(2)]","1"
"[1, np.int32(2)]","4"
"[1, np.int32(2)]","4"
"[1, np.int32(2)]","4"
"[1, np.int32(2)]","4"
"[1, np.int32(2)]","4"
"[1, np.int32(2)]","4"
"[1, np.int32(2)]","1"
"[2, np.int32(2)]","0"
"[1, np.int32(2)]","4"
"[1, np.int32(2)]","4"
"[1, np.int32(2)]","1"
"[2, np.int32(2)]","0"
"[1, np.int32(2)]","4"
"[1, np.int32(2)]","4"
"[1, np.int32(2)]","4"
"[1, np.int32(2)]","4"
"[1, np.int32(2)]","4"
"[1, np.int32(2)]","4"
"[1, np.int32(2)]","4"
"[1, np.int32(2)]","4"
"[1, np.int32(2)]","4"
"[1, np.int32(2)]","4"
"[1, np.int32(2)]","3"
"[1, np.int32(3)]","4"
"[1, np.int32(3)]","3"
"[np.int32(2), np.int32(8)]","1"
"[np.int32(3), np.int32(8)]","0"
"[np.int32(2), np.int32(8)]","0"
"[np.int32(1), np.int32(8)]","3"
"[np.int32(1), 9]","0"
"[0, 9]","2"
"[0, 8]","0"
"[0, 8]","0"
"[0, 8]","4"
"[0, 8]","0"
"[0, 8]","0"
"[0, 8]","0"
"[0, 8]","0"
"[0, 8]","0"
"[0, 8]","0"
"[0, 8]","0"
"[0, 8]","0"
"[0, 8]","0"
"[0, 8]","0"
"[0, 8]","0"
"[0, 8]","0"
"[0, 8]","0"
"[0, 8]","0"
"[0, 8]","0"
"[0, 8]","0"
"[0, 8]","0"
"[0, 8]","0"
"[0, 8]","0"
"[0, 8]","0"
"[0, 8]","0"
"[0, 8]","0"
"[0, 8]","0"
"[0, 8]","0"
"[0, 8]","0"
"[0, 8]","0"
"[0, 8]","0"
"[0, 8]","0"
"[0, 8]","0"
"[0, 8]","0"
"[0, 8]","0"
"[0, 8]","0"
"[0, 8]","0"
"[0, 8]","0"
"[0, 8]","2"
"[np.int32(8), np.int32(1)]","0"
"[np.int32(7), np.int32(1)]","1"
"[np.int32(8), np.int32(1)]","0"
"[np.int32(7), np.int32(1)]","4"
"[np.int32(7), np.int32(1)]","4"
"[np.int32(7), np.int32(1)]","4"
"[np.int32(7), np.int32(1)]","2"
"[np.int32(0), np.int32(4)]","4"
"[np.int32(0), np.int32(4)]","1"
"[np.int32(1), np.int32(4)]","4"
"[np.int32(1), np.int32(4)]","4"
"[np.int32(1), np.int32(4)]","0"
"[0, np.int32(4)]","4"
"[0, np.int32(4)]","2"
"[0, np.int32(3)]","0"
"[0, np.int32(3)]","0"
"[0, np.int32(3)]","0"
"[0, np.int32(3)]","0"
"[0, np.int32(3)]","0"
"[0, np.int32(3)]","0"
"[0, np.int32(3)]","2"
"[0, np.int32(2)]","4"
"[0, np.int32(2)]","4"
"[0, np.int32(2)]","4"
"[0, np.int32(2)]","4"
"[0, np.int32(2)]","4"
"[0, np.int32(2)]","1"
"[1, np.int32(2)]","4"
"[1, np.int32(2)]","4"
"[1, np.int32(2)]","1"
"[2, np.int32(2)]","0"
"[1, np.int32(2)]","4"
"[1, np.int32(2)]","4"
"[1, np.int32(2)]","4"
"[1, np.int32(2)]","4"
"[1, np.int32(2)]","4"
"[1, np.int32(2)]","4"
"[1, np.int32(2)]","4"
"[1, np.int32(2)]","4"
"[1, np.int32(2)]","4"
"[1, np.int32(2)]","4"
"[1, np.int32(2)]","3"
"[1, np.int32(3)]","4"
"[1, np.int32(3)]","4"
"[1, np.int32(3)]","4"
"[1, np.int32(3)]","4"
"[1, np.int32(3)]","4"
"[1, np.int32(3)]","3"
"[1, np.int32(4)]","4"
"[1, np.int32(4)]","4"
"[1, np.int32(4)]","4"
"[1, np.int32(4)]","2"
"[1, np.int32(3)]","3"
"[1, np.int32(4)]","3"
"[1, np.int32(5)]","1"
"[2, np.int32(5)]","4"
"[2, np.int32(5)]","4"
"[2, np.int32(5)]","4"
"[2, np.int32(5)]","4"
"[2, np.int32(5)]","4"
"[2, np.int32(5)]","0"
"[1, np.int32(5)]","1"
"[2, np.int32(5)]","4"
"[2, np.int32(5)]","4"
"[2, np.int32(5)]","4"
"[2, np.int32(5)]","4"
"[2, np.int32(5)]","4"
"[2, np.int32(5)]","4"
"[2, np.int32(5)]","4"
"[2, np.int32(5)]","4"
"[2, np.int32(5)]","4"
"[2, np.int32(5)]","4"
"[2, np.int32(5)]","3"
"[2, np.int32(6)]","4"
"[2, np.int32(6)]","4"
"[2, np.int32(6)]","4"
"[2, np.int32(6)]","4"
"[2, np.int32(6)]","1"
"[3, np.int32(6)]","1"
"[4, np.int32(6)]","1"
"[5, np.int32(6)]","2"
"[np.int32(8), np.int32(4)]","4"
"[np.int32(8), np.int32(4)]","1"
"[9, np.int32(4)]","0"
"[8, np.int32(4)]","0"
"[7, np.int32(4)]","0"
"[6, np.int32(4)]","3"
"[6, np.int32(5)]","0"
"[np.int32(2), np.int32(4)]","4"
"[np.int32(2), np.int32(4)]","4"
"[np.int32(2), np.int32(4)]","4"
"[np.int32(2), np.int32(4)]","4"
"[np.int32(2), np.int32(4)]","4"
"[np.int32(2), np.int32(4)]","4"
"[np.int32(2), np.int32(4)]","4"
"[np.int32(2), np.int32(4)]","1"
"[np.int32(3), np.int32(4)]","2"
"[np.int32(3), np.int32(3)]","4"
"[np.int32(3), np.int32(3)]","4"
"[np.int32(3), np.int32(3)]","4"
"[np.int32(3), np.int32(3)]","4"
"[np.int32(3), np.int32(3)]","4"
"[np.int32(3), np.int32(3)]","4"
"[np.int32(3), np.int32(3)]","4"
"[np.int32(3), np.int32(3)]","4"
"[np.int32(3), np.int32(3)]","4"
"[np.int32(3), np.int32(3)]","4"
"[np.int32(3), np.int32(3)]","4"
"[np.int32(3), np.int32(3)]","4"
"[np.int32(3), np.int32(3)]","3"
"[np.int32(3), np.int32(4)]","1"
"[np.int32(1), np.int32(4)]","4"
"[np.int32(1), np.int32(4)]","1"
"[np.int32(2), np.int32(4)]","4"
"[np.int32(2), np.int32(4)]","4"
"[np.int32(2), np.int32(4)]","4"
"[np.int32(2), np.int32(4)]","2"
"[np.int32(2), np.int32(3)]","4"
"[np.int32(2), np.int32(3)]","4"
"[np.int32(2), np.int32(3)]","3"
"[np.int32(2), np.int32(4)]","4"
"[np.int32(2), np.int32(4)]","4"
"[np.int32(2), np.int32(4)]","4"
"[np.int32(2), np.int32(4)]","3"
"[np.int32(2), np.int32(5)]","0"
"[np.int32(1), np.int32(5)]","1"
"[np.int32(2), np.int32(5)]","4"
"[np.int32(2), np.int32(5)]","4"
"[np.int32(2), np.int32(5)]","4"
"[np.int32(2), np.int32(5)]","4"
"[np.int32(2), np.int32(5)]","3"
"[np.int32(2), np.int32(6)]","4"
"[np.int32(2), np.int32(6)]","4"
"[np.int32(2), np.int32(6)]","4"
"[np.int32(2), np.int32(6)]","4"
"[np.int32(2), np.int32(6)]","4"
"[np.int32(2), np.int32(6)]","3"
"[np.int32(2), np.int32(7)]","4"
"[np.int32(2), np.int32(7)]","4"
"[np.int32(2), np.int32(7)]","4"
"[np.int32(2), np.int32(7)]","4"
"[np.int32(2), np.int32(7)]","4"
"[np.int32(2), np.int32(7)]","4"
"[np.int32(2), np.int32(7)]","4"
"[np.int32(2), np.int32(7)]","4"
"[np.int32(2), np.int32(7)]","4"
"[np.int32(2), np.int32(7)]","4"
"[np.int32(2), np.int32(7)]","4"
"[np.int32(2), np.int32(7)]","4"
"[np.int32(2), np.int32(7)]","4"
"[np.int32(2), np.int32(7)]","4"
"[np.int32(2), np.int32(7)]","4"
"[np.int32(2), np.int32(7)]","4"
"[np.int32(2), np.int32(7)]","4"
"[np.int32(2), np.int32(7)]","4"
"[np.int32(2), np.int32(7)]","4"
"[np.int32(2), np.int32(7)]","4"
"[np.int32(2), np.int32(7)]","4"
"[np.int32(2), np.int32(7)]","4"
"[np.int32(2), np.int32(7)]","4"
"[np.int32(2), np.int32(7)]","4"
"[np.int32(2), np.int32(7)]","2"
"[np.int32(2), np.int32(6)]","4"
"[np.int32(2), np.int32(6)]","4"
"[np.int32(2), np.int32(6)]","4"
"[np.int32(2), np.int32(6)]","2"
"[np.int32(2), np.int32(5)]","4"
"[np.int32(2), np.int32(5)]","4"
"[np.int32(2), np.int32(5)]","1"
"[np.int32(3), np.int32(5)]","4"
"[np.int32(3), np.int32(5)]","1"
"[np.int32(4), np.int32(5)]","1"
"[np.int32(3), np.int32(3)]","4"
"[np.int32(3), np.int32(3)]","4"
"[np.int32(3), np.int32(3)]","0"
"[np.int32(9), np.int32(7)]","4"
"[np.int32(9), np.int32(7)]","0"
"[np.int32(8), np.int32(7)]","3"
"[np.int32(8), np.int32(8)]","4"
"[np.int32(8), np.int32(8)]","4"
"[np.int32(8), np.int32(8)]","4"
"[np.int32(8), np.int32(8)]","4"
"[np.int32(8), np.int32(8)]","4"
"[np.int32(8), np.int32(8)]","4"
"[np.int32(8), np.int32(8)]","4"
"[np.int32(8), np.int32(8)]","4"
"[np.int32(8), np.int32(8)]","4"
"[np.int32(8), np.int32(8)]","4"
"[np.int32(8), np.int32(8)]","4"
"[np.int32(8), np.int32(8)]","1"
"[9, np.int32(8)]","4"
"[9, np.int32(8)]","4"
"[9, np.int32(8)]","4"
"[9, np.int32(8)]","3"
"[9, 9]","2"
"[9, 8]","0"
"[8, 8]","4"
"[8, 8]","4"
"[8, 8]","3"
"[8, 9]","4"
"[8, 9]","4"
"[8, 9]","4"
"[8, 9]","4"
"[8, 9]","4"
"[8, 9]","4"
"[8, 9]","3"
"[8, 9]","4"
"[8, 9]","4"
"[8, 9]","4"
"[8, 9]","4"
"[8, 9]","4"
"[8, 9]","3"
"[8, 9]","4"
"[8, 9]","4"
"[8, 9]","4"
"[8, 9]","4"
"[8, 9]","4"
"[8, 9]","4"
"[8, 9]","0"
"[7, 9]","0"
"[6, 9]","3"
"[6, 9]","3"
"[6, 9]","3"
"[6, 9]","3"
"[6, 9]","3"
"[6, 9]","3"
"[6, 9]","3"
"[6, 9]","3"
"[6, 9]","3"
"[6, 9]","2"
"[6, 8]","1"
"[7, 8]","2"
"[7, 7]","2"
"[np.int32(3), np.int32(3)]","4"
"[np.int32(3), np.int32(3)]","4"
"[np.int32(3), np.int32(3)]","4"
"[np.int32(3), np.int32(3)]","4"
"[np.int32(3), np.int32(3)]","4"
"[np.int32(3), np.int32(3)]","4"
"[np.int32(3), np.int32(3)]","4"
"[np.int32(3), np.int32(3)]","0"
"[np.int32(2), np.int32(3)]","4"
"[np.int32(2), np.int32(3)]","4"
"[np.int32(2), np.int32(3)]","4"
"[np.int32(2), np.int32(3)]","1"
"[np.int32(3), np.int32(3)]","4"
"[np.int32(3), np.int32(3)]","4"
"[np.int32(3), np.int32(3)]","4"
"[np.int32(3), np.int32(3)]","4"
"[np.int32(3), np.int32(3)]","4"
"[np.int32(3), np.int32(3)]","4"
"[np.int32(3), np.int32(3)]","4"
"[np.int32(3), np.int32(3)]","4"
"[np.int32(3), np.int32(3)]","4"
"[np.int32(3), np.int32(3)]","4"
"[np.int32(3), np.int32(3)]","4"
"[np.int32(3), np.int32(3)]","4"
"[np.int32(3), np.int32(3)]","4"
"[np.int32(3), np.int32(3)]","4"
"[np.int32(3), np.int32(3)]","4"
"[np.int32(3), np.int32(3)]","4"
"[np.int32(3), np.int32(3)]","3"
"[np.int32(3), np.int32(4)]","1"
"[np.int32(4), np.int32(4)]","1"
"[np.int32(5), np.int32(4)]","3"
"[np.int32(5), np.int32(6)]","2"
"[np.int32(5), np.int32(9)]","0"
"[np.int32(4), np.int32(9)]","3"
"[np.int32(4), 9]","2"
"[np.int32(4), 8]","2"
"[np.int32(4), 7]","2"
"[np.int32(4), 6]","1"
"[np.int32(5), 6]","2"
"[np.int32(7), np.int32(5)]","1"
"[np.int32(8), np.int32(5)]","4"
"[np.int32(8), np.int32(5)]","4"
"[np.int32(8), np.int32(5)]","3"
"[np.int32(8), np.int32(6)]","2"
"[np.int32(8), np.int32(5)]","4"
"[np.int32(8), np.int32(5)]","4"
"[np.int32(8), np.int32(5)]","4"
"[np.int32(8), np.int32(5)]","3"
"[np.int32(8), np.int32(6)]","0"
"[np.int32(7), np.int32(6)]","0"
"[np.int32(6), np.int32(6)]","3"
"[np.int32(6), np.int32(7)]","4"
"[np.int32(6), np.int32(7)]","2"
"[np.int32(6), np.int32(6)]","0"
"[np.int32(5), np.int32(6)]","2"
"[np.int32(5), np.int32(4)]","3"
"[np.int32(2), np.int32(5)]","4"
"[np.int32(2), np.int32(5)]","4"
"[np.int32(2), np.int32(5)]","4"
"[np.int32(2), np.int32(5)]","1"
"[np.int32(3), np.int32(5)]","1"
"[np.int32(4), np.int32(5)]","1"
"[np.int32(1), np.int32(0)]","2"
"[np.int32(1), 0]","2"
"[np.int32(1), 0]","2"
"[np.int32(1), 0]","2"
"[np.int32(1), 0]","3"
"[np.int32(1), 1]","1"
"[np.int32(2), 1]","4"
"[np.int32(2), 1]","0"
"[np.int32(1), 1]","1"
"[np.int32(2), 1]","4"
"[np.int32(2), 1]","4"
"[np.int32(2), 1]","4"
"[np.int32(2), 1]","4"
"[np.int32(2), 1]","4"
"[np.int32(2), 1]","4"
"[np.int32(2), 1]","4"
"[np.int32(2), 1]","4"
"[np.int32(2), 1]","4"
"[np.int32(2), 1]","4"
"[np.int32(2), 1]","4"
"[np.int32(2), 1]","4"
"[np.int32(2), 1]","4"
"[np.int32(2), 1]","4"
"[np.int32(2), 1]","4"
"[np.int32(2), 1]","4"
"[np.int32(2), 1]","4"
"[np.int32(2), 1]","4"
"[np.int32(2), 1]","4"
"[np.int32(2), 1]","4"
"[np.int32(2), 1]","4"
"[np.int32(2), 1]","4"
"[np.int32(2), 1]","4"
"[np.int32(2), 1]","4"
"[np.int32(2), 1]","4"
"[np.int32(2), 1]","2"
"[np.int32(2), 0]","3"
"[np.int32(2), 1]","4"
"[np.int32(2), 1]","0"
"[np.int32(1), 1]","1"
"[np.int32(2), 1]","4"
"[np.int32(2), 1]","4"
"[np.int32(2), 1]","3"
"[np.int32(2), 2]","0"
"[np.int32(1), 2]","4"
"[np.int32(1), 2]","4"
"[np.int32(1), 2]","4"
"[np.int32(1), 2]","4"
"[np.int32(1), 2]","0"
"[0, 2]","4"
"[0, 2]","4"
"[0, 2]","4"
"[0, 2]","2"
"[0, 1]","0"
"[0, 1]","0"
"[0, 1]","2"
"[0, 0]","4"
"[0, 0]","1"
"[1, 0]","2"
"[1, 0]","2"
"[1, 0]","2"
"[1, 0]","0"
"[0, 0]","0"
"[0, 0]","0"
"[0, 0]","0"
"[0, 0]","0"
"[0, 0]","0"
"[0, 0]","0"
"[0, 0]","0"
"[0, 0]","0"
"[0, 0]","0"
"[0, 0]","0"
"[0, 0]","0"
"[0, 0]","0"
"[0, 0]","0"
"[0, 0]","3"
"[0, 1]","0"
"[0, 1]","0"
"[0, 1]","0"
"[0, 1]","4"
"[0, 1]","0"
"[0, 1]","2"
"[0, 0]","0"
"[0, 0]","0"
"[0, 0]","0"
"[0, 0]","0"
"[0, 0]","3"
"[0, 1]","1"
"[1, 1]","1"
"[2, 1]","4"
"[2, 1]","4"
"[2, 1]","4"
"[2, 1]","4"
"[2, 1]","4"
"[2, 1]","4"
"[2, 1]","0"
"[1, 1]","1"
"[2, 1]","4"
"[2, 1]","4"
"[2, 1]","4"
"[2, 1]","4"
"[2, 1]","4"
"[2, 1]","4"
"[2, 1]","4"
"[2, 1]","4"
"[2, 1]","4"
"[2, 1]","4"
"[2, 1]","4"
"[2, 1]","1"
"[3, 1]","4"
"[3, 1]","4"
"[3, 1]","4"
"[3, 1]","4"
"[3, 1]","4"
"[3, 1]","4"
"[3, 1]","4"
"[3, 1]","4"
"[3, 1]","4"
"[3, 1]","4"
"[3, 1]","4"
"[3, 1]","4"
"[3, 1]","4"
"[3, 1]","4"
"[3, 1]","4"
"[3, 1]","4"
"[3, 1]","4"
"[3, 1]","4"
"[3, 1]","4"
"[3, 1]","4"
"[3, 1]","4"
"[3, 1]","4"
"[3, 1]","4"
"[3, 1]","2"
"[3, 0]","2"
"[3, 0]","2"
"[3, 0]","2"
"[3, 0]","2"
"[3, 0]","2"
"[3, 0]","2"
"[3, 0]","2"
"[3, 0]","2"
"[3, 0]","2"
"[3, 0]","2"
"[3, 0]","2"
"[3, 0]","2"
"[3, 0]","4"
"[3, 0]","2"
"[3, 0]","2"
"[3, 0]","2"
"[3, 0]","1"
"[4, 0]","4"
"[4, 0]","4"
"[4, 0]","2"
"[4, 0]","2"
"[4, 0]","2"
"[4, 0]","2"
"[4, 0]","2"
"[4, 0]","2"
"[4, 0]","2"
"[4, 0]","2"
"[4, 0]","4"
"[4, 0]","2"
"[4, 0]","2"
"[4, 0]","2"
"[4, 0]","2"
"[4, 0]","2"
"[4, 0]","0"
"[3, 0]","3"
"[3, 1]","0"
"[2, 1]","1"
"[3, 1]","2"
"[3, 0]","3"
"[3, 1]","4"
"[3, 1]","4"
"[3, 1]","1"
"[4, 1]","3"
"[4, 2]","1"
"[5, 2]","3"
"[5, 3]","1"
